N,P,K,temperature,humidity,ph,rainfall,label
117.7,44.7,54.2,31.1,73.9,5.57,165.1,Rice
60.4,27.9,18.7,25.1,44.5,6.94,59.7,Pearl Millet
18.9,48.9,19.1,29.5,47.5,6.96,71.5,Pigeon Pea
57.7,45.9,26.1,26.1,52.8,6.18,71.2,Sunflower
100.3,41.0,17.2,24.8,69.3,6.01,97.6,Wheat
104.6,52.4,40.9,25.9,57.7,7.18,105.8,Cotton
72.7,27.1,17.3,17.1,38.4,6.74,44.1,Mustard
22.0,36.6,19.2,27.6,58.7,6.67,74.0,Black Gram
29.1,78.8,30.0,25.0,66.0,6.86,119.9,Soybean
89.8,36.5,23.4,27.5,44.4,6.1,44.7,Sorghum
24.0,37.5,23.2,26.1,69.8,6.71,67.2,Green Gram
69.6,34.8,19.9,29.8,51.0,6.54,83.0,Sorghum
23.5,57.5,29.7,24.4,77.4,6.0,71.1,Soybean
67.3,29.0,15.8,26.3,39.5,7.43,42.2,Pearl Millet
98.2,50.5,40.5,23.9,79.3,5.85,237.5,Rice
30.4,58.0,24.6,25.4,63.7,6.43,79.6,Groundnut
55.7,46.1,21.1,23.9,61.2,6.61,41.1,Sunflower
103.5,64.3,62.9,24.1,72.1,6.28,84.3,Tomato
96.9,63.2,49.6,23.5,68.3,6.13,86.9,Brinjal
18.3,35.9,19.1,22.9,61.2,6.7,82.9,Pigeon Pea
94.5,62.7,69.8,27.4,55.3,6.15,80.7,Brinjal
18.7,49.4,20.5,26.2,66.3,6.55,87.4,Black Gram
51.9,27.0,19.2,22.6,52.8,6.37,47.2,Mustard
17.2,46.8,24.1,23.0,53.4,6.98,20.3,Lentil
22.7,52.5,21.1,23.9,55.7,6.71,83.2,Green Gram
22.8,40.8,18.2,28.8,61.3,6.24,57.4,Green Gram
113.1,52.6,84.3,19.9,65.3,5.86,73.1,Potato
64.4,34.0,20.1,29.5,58.4,5.71,92.4,Finger Millet
108.2,40.3,37.7,22.1,77.0,6.09,208.8,Rice
126.5,53.1,48.9,27.1,65.8,6.61,54.1,Brinjal
68.5,39.7,16.2,20.0,57.2,6.54,70.1,Sunflower
64.2,22.1,17.2,30.2,45.2,6.37,42.9,Sorghum
109.7,50.6,20.2,16.8,69.8,6.06,93.4,Wheat
84.0,53.6,20.1,23.7,56.4,6.11,78.1,Maize
31.8,20.3,12.1,26.2,52.6,6.16,56.9,Sesame
89.2,33.5,23.5,28.2,46.9,6.89,70.2,Sorghum
41.0,20.0,11.8,26.0,48.9,7.16,51.9,Pearl Millet
130.2,67.0,86.9,18.1,69.4,6.17,51.3,Potato
24.9,78.1,19.0,29.9,73.4,6.46,100.7,Soybean
112.3,45.1,54.1,21.4,68.8,6.12,65.1,Brinjal
81.9,44.5,24.8,19.0,63.5,5.85,97.0,Maize
22.7,17.7,16.3,31.2,46.0,5.88,48.0,Sesame
88.6,35.8,40.2,28.0,71.0,6.0,239.5,Rice
27.8,21.3,18.3,29.8,54.8,6.16,57.7,Sesame
26.4,71.0,27.3,22.0,79.8,6.18,93.5,Soybean
30.9,22.4,17.2,28.2,50.6,5.76,62.4,Sesame
171.9,63.6,52.2,29.6,81.1,7.23,197.3,Sugarcane
212.8,55.8,50.8,24.5,73.6,7.07,151.3,Sugarcane
195.8,57.6,70.5,26.3,70.7,6.55,235.9,Sugarcane
101.9,52.3,48.0,24.2,84.2,5.74,198.8,Rice
98.4,46.6,53.2,22.3,52.1,6.03,54.6,Chili
23.1,74.1,29.2,27.7,77.6,6.64,89.4,Soybean
33.1,59.7,23.2,22.2,75.3,6.58,101.3,Soybean
37.1,41.2,15.3,29.0,59.2,6.57,95.0,Groundnut
136.1,50.6,81.3,18.9,64.1,5.68,58.4,Potato
32.8,60.5,16.0,27.9,64.2,6.39,73.2,Soybean
34.0,27.8,14.7,33.3,38.6,5.74,58.0,Sesame
37.6,45.1,19.4,25.9,60.7,6.11,77.5,Groundnut
62.0,41.4,28.3,20.5,47.7,6.12,73.7,Sunflower
129.3,55.4,50.3,23.2,68.0,6.32,75.7,Tomato
109.5,40.4,47.2,20.2,69.9,6.12,67.1,Chili
23.6,62.7,16.2,20.3,52.6,6.62,39.3,Chickpea
23.4,40.0,19.3,28.7,58.6,6.66,47.6,Green Gram
15.4,42.7,19.1,23.7,50.5,6.2,71.2,Green Gram
84.7,49.4,40.5,27.5,83.0,6.33,181.0,Rice
110.9,57.7,52.9,28.3,65.9,5.93,97.4,Brinjal
100.5,57.0,15.6,13.1,64.3,6.11,53.6,Wheat
109.4,65.0,29.0,20.4,58.4,6.95,89.3,Wheat
44.3,31.4,20.0,29.1,48.7,6.16,61.6,Finger Millet
165.4,54.9,65.9,25.1,72.5,6.2,244.1,Sugarcane
21.2,51.2,21.0,15.7,39.5,7.4,56.3,Chickpea
72.3,24.6,20.0,32.3,54.0,6.33,84.3,Sorghum
123.2,59.9,68.2,22.5,74.7,6.3,52.0,Tomato
108.9,54.5,110.5,21.4,63.3,5.01,45.7,Potato
121.4,52.7,99.6,17.0,51.1,6.17,65.6,Potato
71.5,55.0,20.2,28.3,59.0,7.04,53.0,Sunflower
104.4,58.2,51.6,21.7,68.3,6.68,75.0,Chili
19.8,47.8,15.4,21.2,50.6,6.5,30.7,Lentil
68.9,27.6,19.5,22.8,69.0,5.26,79.0,Finger Millet
67.8,30.6,23.7,35.0,44.6,7.22,56.3,Sorghum
118.4,69.3,60.9,27.6,58.2,6.05,69.0,Tomato
81.3,42.0,21.0,13.7,61.4,7.03,90.0,Wheat
112.2,59.8,19.6,13.1,58.1,6.26,84.7,Wheat
81.5,41.7,18.7,26.1,68.3,6.74,82.7,Maize
47.2,34.2,18.1,21.7,56.5,5.55,51.8,Finger Millet
24.3,52.3,17.3,22.8,47.2,6.97,31.2,Lentil
114.5,58.3,49.9,23.1,51.7,6.07,101.6,Cotton
55.9,26.9,23.6,26.5,32.1,6.73,55.1,Sorghum
20.1,37.6,22.4,26.0,60.3,6.56,69.9,Black Gram
51.3,34.3,19.2,22.1,42.1,7.47,35.4,Mustard
24.6,53.9,22.4,18.4,50.3,6.65,39.4,Chickpea
82.6,54.1,50.5,27.0,50.8,6.98,65.5,Cotton
18.3,42.6,21.2,29.2,57.8,7.36,67.4,Green Gram
85.1,50.8,45.0,20.9,57.2,6.27,65.6,Chili
65.2,48.8,24.5,28.0,54.0,6.78,72.4,Sunflower
102.7,56.0,59.6,27.1,61.5,6.04,58.7,Chili
113.2,63.3,46.6,23.9,74.1,6.26,85.4,Tomato
69.4,24.2,14.9,26.3,31.5,6.87,48.0,Pearl Millet
101.5,49.7,49.9,26.3,72.6,5.78,204.5,Rice
15.5,48.5,23.9,30.0,58.7,6.44,78.7,Black Gram
64.0,39.1,18.1,16.1,36.2,7.03,47.0,Mustard
101.6,55.2,52.9,25.2,72.2,5.73,214.1,Rice
16.1,47.5,21.9,27.9,56.7,6.86,107.1,Pigeon Pea
82.7,54.6,20.2,20.1,50.9,7.31,98.7,Wheat
24.8,64.5,24.2,27.0,69.6,6.4,119.3,Soybean
21.3,53.3,17.1,21.7,36.6,6.6,24.9,Lentil
82.0,42.2,18.1,21.2,67.4,6.2,96.6,Maize
21.7,46.4,16.9,21.7,35.0,7.21,23.2,Chickpea
84.2,56.4,27.3,16.9,65.5,7.45,60.2,Wheat
23.2,75.3,26.6,23.2,69.3,6.77,86.9,Soybean
93.7,46.8,24.8,23.7,57.5,6.61,76.3,Maize
95.2,49.3,20.2,21.9,61.3,6.32,98.7,Maize
64.9,26.2,17.6,28.7,61.7,5.81,74.4,Finger Millet
94.2,41.7,22.8,12.9,66.0,6.35,77.0,Wheat
21.2,42.3,18.9,29.0,73.8,6.81,80.7,Black Gram
16.1,48.3,17.9,24.0,73.7,6.03,67.5,Black Gram
94.0,58.2,51.6,31.7,72.5,6.23,290.8,Rice
117.3,46.2,47.2,24.7,61.2,6.81,49.5,Chili
65.7,31.1,20.0,26.9,51.5,7.02,81.9,Sorghum
90.6,41.1,54.5,25.9,87.8,6.13,269.2,Rice
45.0,30.7,16.8,22.4,57.4,6.65,60.6,Finger Millet
16.0,53.1,23.1,22.9,58.3,6.14,104.5,Pigeon Pea
117.1,55.0,48.8,21.5,66.1,6.46,43.8,Chili
88.3,63.3,16.7,22.6,57.6,7.32,93.4,Wheat
21.4,23.4,12.5,27.4,54.8,6.64,64.3,Sesame
99.2,69.3,47.1,20.7,66.9,6.44,98.0,Brinjal
54.6,40.3,22.2,19.3,44.4,7.33,53.0,Mustard
32.3,45.3,24.8,32.0,68.8,6.0,94.3,Groundnut
62.3,44.3,24.4,23.8,68.4,6.56,69.9,Maize
62.0,23.5,23.1,25.9,50.3,5.43,81.4,Finger Millet
19.5,47.9,24.5,29.9,50.8,6.5,63.8,Green Gram
26.6,67.3,25.2,22.8,66.6,6.08,73.7,Soybean
82.9,40.8,42.0,20.9,60.9,6.22,83.0,Chili
35.1,41.6,19.7,28.2,54.3,6.88,54.3,Groundnut
30.8,49.8,23.2,24.8,56.4,6.05,69.8,Groundnut
119.9,48.9,50.4,31.4,87.0,5.75,217.6,Rice
110.3,44.2,49.3,24.3,53.5,7.13,107.5,Cotton
17.3,44.6,20.5,21.3,40.1,6.95,25.1,Lentil
217.0,68.8,54.8,29.0,76.6,6.36,176.2,Sugarcane
15.0,46.0,17.1,17.5,51.1,6.42,27.7,Chickpea
15.5,53.8,20.3,21.1,44.6,6.09,43.0,Lentil
107.8,63.2,62.1,19.4,57.9,6.76,76.1,Tomato
111.8,46.9,52.2,18.9,72.2,6.59,85.1,Tomato
102.9,65.1,49.3,24.9,68.8,6.35,80.1,Brinjal
173.1,48.4,70.4,22.8,79.0,7.04,195.9,Sugarcane
52.0,21.1,21.9,29.6,35.7,6.92,52.6,Sorghum
31.8,75.4,19.4,24.7,78.7,6.16,72.1,Soybean
24.5,46.4,29.3,30.8,52.9,6.03,96.7,Groundnut
19.0,50.2,19.8,31.4,55.9,6.62,76.5,Green Gram
19.0,43.7,22.1,23.7,56.1,5.65,100.3,Pigeon Pea
24.3,43.4,29.4,28.2,58.0,6.52,88.9,Groundnut
31.7,64.3,15.6,24.9,72.2,6.12,116.2,Soybean
33.8,16.1,12.0,25.9,36.3,5.9,55.0,Sesame
82.6,45.8,46.1,21.6,60.2,6.01,55.0,Chili
111.8,40.7,38.2,28.0,59.2,6.37,65.8,Cotton
76.7,53.8,16.0,20.5,60.5,6.32,109.0,Maize
21.9,45.7,18.8,25.4,67.4,7.34,69.8,Black Gram
19.2,50.1,17.3,24.2,58.2,6.56,83.9,Black Gram
31.1,51.1,24.2,29.8,62.9,6.52,84.1,Groundnut
66.9,49.7,19.1,23.5,62.4,6.46,61.9,Sunflower
50.8,36.5,20.2,32.8,35.9,6.52,41.5,Sorghum
106.1,56.8,67.4,25.6,60.8,6.47,75.3,Brinjal
17.0,46.7,24.4,21.9,64.6,6.99,87.8,Pigeon Pea
36.2,23.8,13.9,26.1,52.9,5.55,65.2,Sesame
68.6,36.9,15.6,28.4,31.7,7.46,80.8,Sorghum
120.1,52.3,92.2,22.2,59.0,5.25,43.8,Potato
51.6,50.5,24.2,20.7,55.2,6.12,69.4,Sunflower
111.6,49.2,49.5,24.8,52.6,6.2,86.2,Cotton
44.5,29.7,16.7,28.7,60.3,5.28,98.1,Finger Millet
90.2,46.5,17.9,26.1,57.3,6.95,75.7,Maize
111.5,45.0,18.9,14.1,56.6,7.14,76.0,Wheat
27.5,37.7,22.4,31.0,67.7,6.01,94.3,Groundnut
70.8,49.9,23.7,26.5,57.1,5.99,107.2,Maize
110.9,68.8,60.1,26.1,57.6,6.8,88.6,Brinjal
58.8,51.6,24.6,29.0,57.6,7.11,73.5,Sunflower
37.2,58.5,18.0,26.5,54.8,6.36,95.7,Groundnut
22.6,53.6,18.6,15.8,38.9,7.43,36.3,Chickpea
117.0,56.9,40.2,28.6,86.3,6.06,229.4,Rice
108.1,54.0,15.1,16.2,60.4,6.13,67.5,Wheat
19.5,47.5,16.5,23.9,72.2,6.38,65.2,Black Gram
39.2,40.2,24.8,24.3,51.3,6.55,55.2,Groundnut
90.0,47.2,39.4,31.9,88.9,5.54,255.8,Rice
96.9,58.4,18.6,13.4,57.1,6.43,64.8,Wheat
179.9,55.6,53.9,30.0,84.7,6.38,155.6,Sugarcane
23.3,42.2,21.1,23.5,51.3,6.32,50.1,Green Gram
179.7,67.9,70.3,30.0,82.4,7.46,226.3,Sugarcane
53.9,43.9,22.1,21.6,45.0,6.71,33.3,Mustard
75.8,45.5,19.1,26.2,69.3,6.53,75.5,Maize
22.7,48.2,19.1,31.0,58.3,7.49,54.8,Black Gram
80.5,63.9,26.1,16.6,55.9,6.52,88.7,Wheat
33.5,45.1,27.9,25.4,60.9,6.95,81.3,Groundnut
87.0,41.5,18.5,26.3,60.8,6.36,104.5,Maize
26.7,24.6,15.3,33.2,47.5,5.5,61.7,Sesame
17.3,35.9,22.1,30.5,58.7,7.39,68.6,Green Gram
53.9,22.0,24.3,28.7,62.7,5.19,88.8,Finger Millet
92.1,64.6,60.4,23.2,69.4,6.52,96.7,Brinjal
65.5,24.3,21.4,23.1,68.9,5.06,79.0,Finger Millet
24.7,43.8,24.3,18.8,49.6,6.03,28.2,Chickpea
88.5,33.4,24.3,27.7,45.3,7.02,55.9,Sorghum
20.9,37.8,17.8,28.0,67.0,6.24,96.8,Groundnut
219.4,65.6,71.1,23.3,82.5,6.79,238.9,Sugarcane
67.5,51.8,24.8,18.9,55.2,6.32,64.6,Maize
21.9,45.3,21.5,23.9,43.8,6.9,42.5,Lentil
85.2,40.8,28.8,20.0,65.9,6.72,55.9,Wheat
65.3,28.5,23.1,23.5,52.0,6.65,52.8,Mustard
93.8,64.4,24.6,22.7,52.7,7.29,96.1,Wheat
172.1,55.7,54.6,27.4,66.2,6.22,224.6,Sugarcane
190.7,62.3,76.2,30.6,84.6,6.77,233.1,Sugarcane
93.3,50.0,16.1,18.8,73.2,6.6,101.5,Maize
86.0,45.6,18.8,23.1,61.2,6.79,55.7,Wheat
21.9,54.4,15.8,31.0,52.5,6.59,79.1,Green Gram
103.4,58.5,46.5,25.9,82.9,5.96,231.8,Rice
53.5,16.9,13.9,26.6,43.4,6.53,31.8,Pearl Millet
100.9,47.2,26.9,19.5,62.7,7.2,69.8,Wheat
125.9,66.8,57.8,26.6,66.3,5.59,79.8,Brinjal
81.0,37.7,35.6,28.4,76.3,6.01,286.1,Rice
17.3,42.8,21.1,29.6,68.0,7.37,76.1,Green Gram
98.1,44.1,26.9,21.0,54.4,6.12,84.0,Wheat
23.5,39.3,21.7,20.4,51.7,6.13,23.9,Lentil
107.1,68.0,59.4,27.1,63.3,5.79,86.2,Brinjal
16.0,43.6,17.3,20.2,40.1,6.94,47.2,Lentil
60.8,24.0,18.1,27.4,35.4,6.64,85.4,Sorghum
106.2,46.8,29.3,14.0,58.6,7.42,71.0,Wheat
19.9,40.2,19.9,20.2,58.4,6.28,104.9,Pigeon Pea
111.8,41.8,43.8,22.8,70.5,6.46,275.4,Rice
133.9,53.4,115.7,20.6,60.5,5.49,49.7,Potato
19.1,60.6,20.2,19.6,41.3,6.87,49.2,Chickpea
21.4,28.0,17.9,30.7,36.7,5.91,45.4,Sesame
38.0,25.8,13.5,30.9,41.2,7.0,61.2,Sesame
23.8,62.8,16.8,28.9,69.9,6.57,98.5,Soybean
54.8,20.4,13.4,30.2,36.0,7.61,45.2,Pearl Millet
19.0,38.4,18.8,30.7,57.3,7.43,82.9,Green Gram
102.7,52.1,36.7,26.6,50.6,7.01,98.7,Cotton
56.8,42.6,24.8,20.8,57.1,7.4,74.0,Sunflower
46.7,27.5,15.5,26.9,43.0,7.02,48.1,Pearl Millet
44.6,26.6,20.1,22.6,52.9,5.16,65.2,Finger Millet
16.0,51.9,16.7,23.4,46.2,5.9,98.4,Pigeon Pea
114.9,55.2,54.5,20.9,50.4,6.59,83.2,Chili
91.1,54.8,28.7,14.7,62.5,6.95,86.7,Wheat
16.5,50.9,22.9,24.4,60.8,7.41,83.0,Black Gram
90.0,59.1,49.0,21.3,52.2,6.65,61.9,Chili
111.9,48.1,36.8,26.2,57.2,7.46,98.1,Cotton
103.8,45.2,51.8,22.7,56.1,7.44,105.2,Cotton
28.8,27.1,15.1,32.0,49.9,5.88,65.6,Sesame
27.6,27.1,16.5,29.4,48.0,5.58,41.3,Sesame
107.9,66.6,66.7,22.7,74.5,6.08,40.2,Tomato
105.3,41.1,40.6,29.1,54.3,6.78,96.2,Cotton
119.5,44.4,42.4,30.1,88.9,6.49,263.0,Rice
67.4,44.3,21.3,28.9,53.7,6.11,77.9,Sunflower
191.3,62.0,77.7,29.6,77.9,6.18,187.4,Sugarcane
20.2,36.5,16.9,23.4,49.5,6.89,23.5,Lentil
77.6,48.7,22.0,20.9,60.8,6.11,42.7,Sunflower
32.8,67.3,18.3,23.4,60.0,6.72,75.6,Soybean
62.1,23.9,18.7,30.8,33.6,7.48,46.2,Pearl Millet
176.1,47.8,79.0,27.3,67.6,6.53,204.7,Sugarcane
114.6,51.7,58.9,25.7,52.5,6.17,89.5,Chili
100.9,53.2,55.0,22.5,56.4,6.31,58.1,Chili
110.4,51.0,68.3,27.8,71.3,6.31,60.2,Tomato
90.2,61.0,15.6,23.7,59.2,6.96,83.0,Wheat
37.8,15.4,14.1,25.3,42.4,5.76,43.8,Sesame
50.4,15.8,17.3,26.2,32.6,7.05,46.9,Pearl Millet
131.2,59.5,119.0,22.5,70.0,5.88,48.2,Potato
82.1,50.5,18.9,21.5,69.6,6.38,82.7,Wheat
114.5,58.7,42.5,24.7,82.9,5.91,153.8,Rice
26.6,43.2,17.4,21.7,60.5,5.69,82.7,Pigeon Pea
97.3,51.0,24.2,24.3,54.8,6.18,59.9,Wheat
114.2,51.1,58.1,22.3,71.2,6.0,91.7,Brinjal
57.2,43.1,28.0,29.4,64.9,7.44,40.2,Sunflower
65.0,54.9,17.8,25.9,73.9,5.98,83.1,Maize
61.3,34.8,15.5,21.0,63.0,5.51,59.2,Finger Millet
169.6,53.4,64.1,22.1,77.9,6.49,213.3,Sugarcane
53.3,40.8,16.7,12.5,38.7,7.15,42.2,Mustard
188.0,52.5,68.4,28.1,76.6,6.17,197.7,Sugarcane
17.7,35.7,19.2,24.0,54.7,6.64,24.8,Lentil
32.0,74.7,26.4,24.8,69.1,6.59,118.7,Soybean
131.0,56.4,105.2,21.4,69.2,5.25,79.9,Potato
105.8,58.7,82.5,22.9,52.8,6.01,55.6,Potato
48.0,30.1,15.5,21.1,45.1,6.8,90.1,Finger Millet
21.6,39.3,19.3,24.0,61.0,6.17,45.9,Green Gram
80.5,51.6,38.6,31.6,73.0,5.91,162.8,Rice
93.0,58.9,23.2,18.0,67.7,5.86,72.9,Maize
21.2,51.6,18.6,26.3,63.2,6.56,87.0,Black Gram
26.8,40.8,24.7,20.3,41.1,6.54,22.7,Chickpea
56.5,24.7,15.2,33.3,54.4,6.2,51.6,Sorghum
22.5,36.8,23.6,30.1,50.7,6.14,47.0,Green Gram
196.4,58.7,75.9,25.9,66.2,7.27,217.4,Sugarcane
28.9,42.7,24.1,25.5,62.5,6.17,53.2,Groundnut
80.6,53.3,48.9,28.1,50.1,6.89,93.0,Cotton
98.2,46.5,58.7,25.0,75.0,6.36,84.8,Tomato
109.8,35.8,46.4,29.6,87.5,5.84,273.2,Rice
103.0,45.4,37.4,24.0,59.5,7.22,66.0,Cotton
39.6,48.0,28.9,27.3,70.0,6.58,52.1,Groundnut
95.2,61.6,22.8,18.2,50.5,6.51,69.0,Wheat
21.2,55.7,22.0,22.1,36.0,7.29,38.3,Chickpea
93.5,55.9,44.2,27.4,69.0,6.01,62.0,Chili
21.8,35.8,19.0,25.7,64.1,6.28,101.0,Pigeon Pea
70.3,23.8,15.8,32.0,39.6,7.23,73.0,Sorghum
28.4,16.3,12.0,26.5,44.6,6.29,68.2,Sesame
56.2,49.3,27.1,24.5,55.1,6.05,42.8,Sunflower
120.7,66.4,109.3,15.7,54.2,5.47,44.7,Potato
19.9,52.0,23.7,23.7,57.7,6.95,62.0,Black Gram
26.6,40.8,28.3,24.4,53.5,6.55,74.1,Groundnut
20.0,44.1,18.4,28.9,70.2,7.28,88.9,Black Gram
15.9,44.5,16.9,24.1,63.2,7.37,61.2,Green Gram
113.6,58.8,53.5,22.1,57.2,6.48,70.2,Chili
107.8,45.2,38.5,23.6,75.0,6.05,257.2,Rice
193.7,66.0,71.6,27.6,84.2,6.29,244.3,Sugarcane
91.4,47.7,27.0,19.0,56.2,6.92,85.8,Wheat
15.1,53.7,21.3,25.2,59.9,6.01,59.4,Black Gram
22.2,38.8,19.4,22.7,62.8,7.11,65.5,Black Gram
193.1,53.4,68.7,26.1,73.8,7.28,155.0,Sugarcane
29.5,56.3,24.1,23.2,76.6,6.36,84.1,Soybean
17.9,46.5,15.7,16.9,43.1,6.94,31.3,Lentil
102.6,55.9,48.8,29.6,55.4,6.74,61.0,Chili
99.5,42.7,23.2,17.9,66.9,6.15,74.4,Wheat
178.3,64.4,66.2,26.4,83.3,6.57,172.0,Sugarcane
22.5,58.3,20.8,25.4,54.1,5.81,60.2,Pigeon Pea
18.2,38.4,17.6,22.4,69.1,6.74,53.8,Black Gram
62.2,27.4,16.3,32.8,40.0,6.86,58.7,Pearl Millet
20.7,22.5,18.5,30.9,40.5,6.1,58.8,Sesame
101.6,45.7,54.5,26.0,50.1,6.46,90.6,Cotton
71.1,29.1,23.9,24.1,54.5,7.41,38.2,Mustard
24.5,37.6,22.0,27.1,50.5,7.39,79.1,Green Gram
83.8,28.6,18.8,34.2,36.3,7.27,64.2,Sorghum
102.8,46.9,48.8,18.4,60.8,6.87,57.0,Tomato
66.0,29.3,11.5,29.8,40.0,7.13,42.0,Pearl Millet
32.3,21.3,16.2,28.4,35.6,6.09,67.6,Sesame
112.6,48.4,109.7,22.9,68.9,5.09,69.6,Potato
29.2,67.8,21.5,26.7,64.7,6.94,99.4,Soybean
71.7,54.3,20.2,21.1,62.4,5.8,75.0,Maize
37.1,54.3,16.0,29.0,54.7,6.56,97.8,Groundnut
95.0,58.8,49.6,28.0,73.1,5.66,158.7,Rice
102.8,53.5,67.5,27.4,74.4,6.28,62.1,Brinjal
117.0,51.7,114.5,20.4,61.8,5.92,68.8,Potato
111.3,57.9,109.4,15.9,55.9,6.39,57.2,Potato
65.5,27.3,10.4,30.0,42.2,6.6,39.2,Pearl Millet
106.4,48.0,49.2,22.5,61.8,6.47,61.5,Tomato
121.1,59.5,52.2,25.3,66.8,6.01,85.1,Tomato
95.5,48.6,47.6,26.2,57.3,6.6,99.6,Brinjal
30.0,57.5,18.9,30.9,62.9,6.02,86.2,Groundnut
110.5,59.9,21.5,22.6,52.4,6.82,50.3,Wheat
204.5,68.9,54.3,23.9,82.8,7.16,242.7,Sugarcane
84.0,50.0,27.0,14.7,61.1,7.1,80.8,Wheat
119.8,64.3,68.0,24.3,60.9,6.33,70.8,Brinjal
54.1,28.6,15.7,32.6,45.3,6.75,43.0,Pearl Millet
60.6,59.1,17.5,24.1,69.1,6.53,75.6,Maize
28.4,64.3,23.6,16.1,53.9,6.64,20.4,Chickpea
105.0,57.1,47.3,24.3,70.5,6.37,153.2,Rice
77.0,35.9,16.3,24.9,55.0,6.3,86.1,Maize
65.3,40.3,29.0,24.6,47.6,6.65,45.1,Sunflower
79.2,32.4,16.9,25.3,37.1,6.66,70.9,Sorghum
41.2,20.3,22.7,21.3,56.7,6.09,71.4,Finger Millet
113.3,55.5,50.1,24.2,68.3,5.59,66.7,Brinjal
113.2,36.5,38.4,28.2,45.0,6.56,89.2,Cotton
69.7,28.9,18.0,13.7,42.7,6.31,49.3,Mustard
100.1,49.4,44.9,24.0,84.4,5.78,153.6,Rice
85.0,57.1,21.5,14.6,59.8,6.1,79.1,Wheat
65.9,39.5,20.4,27.8,47.7,6.41,85.2,Sorghum
53.8,27.9,15.3,26.4,47.0,5.78,64.6,Finger Millet
71.6,26.2,19.7,22.8,44.0,6.22,59.6,Mustard
22.3,41.6,20.5,23.4,54.9,6.65,32.8,Chickpea
121.7,53.5,108.3,22.4,56.9,5.13,51.9,Potato
15.3,50.1,17.8,28.6,50.7,6.53,93.7,Pigeon Pea
22.4,48.3,16.1,22.2,45.0,6.89,47.6,Lentil
83.7,52.7,49.7,23.6,51.0,6.94,61.1,Cotton
91.1,50.8,67.6,26.4,59.5,5.78,93.1,Brinjal
57.8,41.9,29.9,23.7,60.2,6.68,71.7,Sunflower
123.6,60.6,63.4,23.5,73.9,6.42,71.1,Brinjal
90.0,26.5,22.5,33.1,51.5,7.5,52.1,Sorghum
73.8,28.7,16.6,26.2,43.7,7.35,57.2,Sorghum
23.4,50.0,25.7,26.5,60.8,6.69,71.1,Groundnut
27.8,41.0,23.8,20.2,59.6,6.9,92.9,Pigeon Pea
25.9,45.0,18.7,20.0,49.5,6.17,36.3,Chickpea
23.6,45.4,23.6,24.4,45.4,6.53,29.4,Chickpea
88.3,31.3,20.1,25.9,43.7,6.57,70.4,Sorghum
98.2,60.5,48.2,18.0,73.6,6.55,86.3,Tomato
101.1,58.3,16.2,12.8,54.9,6.24,93.6,Wheat
67.2,30.8,22.0,32.0,34.3,6.75,60.6,Sorghum
17.5,53.1,16.0,31.8,72.2,7.03,87.5,Black Gram
78.2,29.1,21.7,33.4,34.2,6.03,79.0,Sorghum
76.8,39.5,23.3,26.4,48.4,7.46,59.5,Sunflower
29.7,55.7,15.2,23.0,65.0,6.43,94.4,Soybean
55.1,26.8,22.5,21.3,58.7,5.98,54.5,Finger Millet
200.5,58.8,72.5,24.1,68.7,6.08,207.3,Sugarcane
29.8,28.1,15.5,29.8,53.5,6.58,38.9,Sesame
69.5,47.8,16.0,21.5,64.8,6.58,107.5,Maize
23.0,46.6,22.7,25.3,71.6,6.41,71.8,Black Gram
83.0,40.9,43.1,26.4,58.0,6.83,43.6,Chili
92.1,42.5,25.4,12.8,60.2,7.5,90.7,Wheat
72.5,36.1,16.4,30.8,42.6,6.22,71.2,Sorghum
67.3,32.3,22.6,20.5,66.1,5.79,67.1,Finger Millet
22.1,47.4,22.3,20.9,58.4,6.84,62.9,Pigeon Pea
68.2,49.8,16.9,21.0,72.1,6.05,63.6,Maize
116.8,67.8,69.3,25.0,59.7,5.75,61.1,Brinjal
122.9,55.9,58.4,20.8,58.3,6.48,63.2,Tomato
94.0,41.4,29.5,23.5,68.6,7.49,58.7,Wheat
73.9,27.5,19.0,15.5,40.8,6.18,54.2,Mustard
35.7,57.3,23.3,31.7,69.9,6.12,92.5,Groundnut
52.2,22.5,24.8,28.5,57.5,6.09,61.4,Finger Millet
30.4,22.6,10.6,34.2,38.5,6.29,63.1,Sesame
28.4,58.9,18.3,22.4,38.0,6.2,33.8,Chickpea
36.2,40.4,27.0,27.2,53.8,6.76,54.5,Groundnut
30.0,21.4,13.3,31.5,37.6,6.57,69.3,Sesame
31.5,55.8,17.8,30.3,61.9,6.89,58.6,Groundnut
23.9,39.8,17.8,22.5,70.9,6.63,59.2,Black Gram
25.6,40.2,20.2,15.4,46.4,7.38,58.7,Chickpea
55.1,31.6,21.9,32.0,48.8,7.31,65.0,Sorghum
109.7,57.9,42.8,27.2,60.3,6.11,72.6,Chili
20.2,23.6,17.2,32.5,53.1,5.51,35.0,Sesame
23.4,35.2,18.6,25.9,58.4,6.92,94.0,Groundnut
21.9,55.7,20.6,22.4,40.6,6.85,23.5,Chickpea
105.9,58.5,43.4,27.5,51.7,6.57,67.6,Chili
160.3,63.6,67.3,23.1,68.4,7.31,192.0,Sugarcane
110.8,51.6,39.3,24.6,60.5,7.91,63.9,Cotton
105.5,49.9,19.1,24.8,58.2,7.34,61.5,Wheat
18.5,38.6,21.5,26.6,64.9,6.64,88.2,Black Gram
28.4,39.5,28.9,30.1,59.6,6.68,94.9,Groundnut
99.7,67.3,67.9,22.2,68.1,6.17,61.7,Tomato
56.5,15.6,12.7,34.6,48.8,6.76,31.3,Pearl Millet
19.5,42.7,19.3,31.8,56.8,7.38,69.2,Black Gram
63.9,41.5,24.1,28.8,62.7,6.16,57.1,Sunflower
89.2,59.2,17.2,24.0,69.8,6.82,81.1,Maize
85.2,49.8,48.4,21.3,62.1,7.81,102.5,Cotton
28.2,61.8,18.7,23.1,77.0,6.62,79.3,Soybean
21.7,35.3,23.7,19.5,41.9,6.14,33.2,Lentil
159.4,64.3,52.6,23.5,70.5,6.88,216.0,Sugarcane
94.5,59.9,53.9,24.6,61.6,6.03,91.1,Brinjal
33.9,57.3,16.7,22.3,62.1,6.21,118.5,Soybean
25.0,35.5,16.1,21.1,51.4,6.29,27.2,Lentil
46.7,20.3,14.0,25.6,39.6,7.61,34.6,Pearl Millet
22.6,43.9,22.9,21.2,37.3,6.16,33.1,Lentil
71.7,44.3,24.3,21.9,45.4,6.31,46.4,Mustard
75.2,25.0,22.1,29.3,41.1,6.97,86.8,Sorghum
96.7,42.0,23.6,20.6,73.2,6.7,100.2,Maize
26.2,44.2,16.9,19.6,40.7,6.37,45.8,Chickpea
24.2,69.3,26.6,29.4,65.2,6.33,93.2,Soybean
27.6,80.0,25.4,24.5,77.5,6.78,70.8,Soybean
23.4,36.3,24.4,31.9,51.8,6.44,59.9,Green Gram
113.5,54.4,41.5,26.9,47.5,7.01,60.9,Cotton
202.2,69.8,66.5,26.1,66.8,7.49,205.2,Sugarcane
22.8,46.5,22.0,31.2,64.2,6.55,73.5,Green Gram
47.6,15.6,13.9,33.0,33.5,6.91,50.3,Pearl Millet
95.1,54.0,46.6,29.8,57.4,5.84,94.6,Brinjal
21.6,41.2,18.2,25.4,63.6,6.09,82.2,Green Gram
130.8,66.6,94.6,19.7,52.3,5.63,54.4,Potato
25.0,62.4,28.1,28.4,70.3,6.13,80.8,Soybean
88.2,61.9,28.2,23.3,54.8,6.68,99.2,Wheat
47.7,23.7,19.6,27.6,50.1,6.28,51.1,Finger Millet
18.3,42.0,19.4,21.7,62.5,6.56,64.3,Pigeon Pea
20.8,52.5,23.7,26.5,50.3,6.64,69.2,Green Gram
80.8,54.2,43.0,28.3,59.2,7.66,74.3,Cotton
87.1,53.6,29.8,24.2,50.9,6.25,56.6,Wheat
15.1,46.8,20.0,30.7,56.7,7.02,77.2,Black Gram
114.2,52.3,18.7,23.3,58.9,6.77,68.0,Wheat
82.6,54.3,20.0,18.1,55.2,6.23,106.3,Maize
23.0,55.1,22.9,25.8,60.6,5.79,62.5,Pigeon Pea
108.3,45.2,56.1,21.7,68.4,6.94,44.3,Tomato
123.3,65.5,114.5,15.3,68.8,5.07,64.6,Potato
82.4,41.9,51.1,29.5,73.7,5.71,205.6,Rice
97.6,43.7,19.9,17.6,51.8,6.33,79.9,Wheat
44.8,15.5,10.5,33.3,27.9,6.27,43.1,Pearl Millet
93.4,58.6,17.4,22.6,66.6,6.76,50.3,Wheat
21.0,59.9,24.8,28.8,65.1,6.33,96.9,Soybean
37.7,19.5,17.1,31.1,43.5,5.86,47.9,Sesame
128.4,47.9,62.7,22.3,63.3,5.54,56.8,Brinjal
37.4,28.4,16.4,30.3,41.6,6.97,46.2,Sesame
80.0,58.6,51.0,26.2,63.3,6.56,82.8,Chili
34.9,22.6,19.0,34.1,45.5,6.41,69.9,Sesame
125.5,59.4,102.6,20.5,60.0,5.03,76.0,Potato
15.2,44.7,20.0,25.2,57.6,6.56,76.9,Black Gram
104.6,47.7,24.4,18.9,58.5,6.2,94.3,Wheat
68.8,36.0,15.4,19.6,72.3,6.14,107.5,Maize
160.4,46.2,67.4,21.7,79.7,6.81,169.9,Sugarcane
70.6,39.3,25.6,29.4,56.3,6.92,42.8,Sunflower
99.2,50.1,18.6,23.8,57.5,6.87,85.2,Maize
87.0,52.3,42.7,31.4,72.8,5.84,167.0,Rice
16.3,63.2,20.8,21.7,53.2,6.52,44.9,Chickpea
20.9,42.1,19.8,28.0,59.4,7.05,62.3,Green Gram
100.4,68.0,65.1,21.4,70.4,6.69,53.9,Brinjal
19.7,54.1,16.2,31.5,69.7,6.96,75.8,Black Gram
95.8,58.7,23.9,21.8,70.6,6.37,84.9,Maize
173.2,51.5,71.0,25.0,81.9,6.49,220.2,Sugarcane
30.5,37.3,21.5,28.7,60.4,6.33,77.1,Groundnut
24.3,35.1,22.5,24.0,37.8,6.1,32.7,Lentil
34.7,75.2,17.4,24.2,66.6,6.65,107.8,Soybean
123.2,57.5,62.5,25.7,66.8,5.93,73.1,Brinjal
53.3,19.7,11.1,28.7,27.5,7.43,59.0,Pearl Millet
64.5,25.7,15.9,23.4,69.5,6.13,70.8,Finger Millet
33.9,59.4,29.4,25.9,52.0,6.15,85.1,Groundnut
30.0,65.4,15.7,28.3,73.6,6.47,115.0,Soybean
16.7,43.5,16.9,29.7,59.5,6.53,59.4,Green Gram
67.4,43.2,23.1,23.6,35.2,7.45,44.2,Mustard
27.3,64.0,22.9,21.0,44.9,6.06,59.4,Chickpea
118.5,35.3,54.4,22.4,87.8,6.03,298.9,Rice
18.6,40.0,21.9,29.7,59.9,6.07,84.0,Black Gram
25.9,45.9,21.3,23.4,51.0,6.37,84.9,Pigeon Pea
62.3,39.0,21.4,18.9,50.4,7.14,48.5,Mustard
64.6,43.0,26.9,27.6,47.7,6.13,76.3,Sunflower
33.6,18.5,13.8,30.1,45.6,6.83,48.3,Sesame
109.9,51.2,52.0,28.6,81.4,5.59,205.2,Rice
23.6,76.5,28.9,28.6,66.7,6.27,97.5,Soybean
67.3,37.5,25.4,27.3,45.9,7.01,56.6,Sunflower
45.8,32.4,20.6,27.6,62.8,5.37,78.4,Finger Millet
124.9,49.8,96.2,19.8,66.9,5.09,63.9,Potato
103.4,35.3,41.6,21.6,55.4,7.63,70.3,Cotton
53.6,31.5,20.6,14.4,51.0,7.46,36.4,Mustard
19.1,56.4,15.3,20.8,50.5,5.8,71.6,Pigeon Pea
95.6,35.3,53.1,22.9,76.4,6.45,292.6,Rice
89.9,57.9,19.3,20.3,63.7,6.67,60.5,Maize
113.3,56.8,56.7,21.5,62.6,6.01,82.4,Chili
73.8,43.4,24.8,25.7,69.0,6.67,88.1,Maize
17.4,43.3,17.3,26.9,72.4,7.07,73.2,Black Gram
62.9,45.2,18.1,24.1,67.1,6.24,70.9,Maize
106.5,57.4,96.5,23.0,50.2,6.46,65.0,Potato
105.1,46.9,45.3,20.9,55.2,6.23,61.0,Tomato
116.5,61.3,66.5,19.4,63.6,6.1,59.5,Tomato
56.4,42.8,24.9,13.1,52.2,6.59,45.7,Mustard
18.0,49.7,23.7,16.9,37.0,6.9,30.5,Lentil
48.2,27.0,17.4,25.6,34.7,6.65,39.1,Pearl Millet
59.3,29.8,17.5,27.5,38.5,7.79,55.7,Pearl Millet
102.6,40.6,53.4,22.7,60.9,7.93,96.4,Cotton
83.1,49.2,43.6,21.2,49.7,6.57,65.6,Cotton
96.5,47.2,63.5,22.7,67.5,6.4,66.1,Brinjal
24.7,50.9,20.5,20.1,58.9,6.06,107.1,Pigeon Pea
113.5,69.1,80.9,21.9,69.3,5.51,65.9,Potato
88.5,40.8,24.8,16.8,67.3,6.71,98.4,Wheat
180.8,69.6,64.9,23.2,70.9,7.04,242.5,Sugarcane
46.1,29.4,18.6,30.0,57.0,5.87,78.3,Finger Millet
90.6,67.5,58.2,26.5,56.2,6.23,53.0,Tomato
58.9,36.3,17.5,22.6,37.2,7.24,48.1,Mustard
93.9,62.5,15.3,20.6,69.3,6.84,96.8,Wheat
85.4,53.3,50.4,21.6,60.7,6.91,40.8,Chili
21.3,37.0,21.0,16.2,36.6,6.53,32.1,Lentil
87.4,61.7,26.6,22.0,66.9,7.14,81.3,Wheat
29.9,50.2,17.9,20.6,41.1,6.13,20.1,Chickpea
20.7,53.1,22.8,28.2,61.3,6.81,53.6,Black Gram
22.4,47.4,23.0,19.3,50.7,6.46,48.2,Lentil
36.9,17.4,10.2,32.8,36.5,6.98,58.6,Sesame
92.9,55.1,20.5,22.7,57.9,6.73,73.6,Maize
21.2,54.2,15.4,21.2,49.1,6.1,102.3,Pigeon Pea
36.1,23.5,19.0,30.0,53.8,6.84,55.2,Sesame
31.9,69.5,24.7,29.4,68.6,6.33,118.9,Soybean
69.6,20.8,16.4,20.5,60.6,5.1,91.8,Finger Millet
93.4,49.5,55.1,24.9,74.3,6.76,92.6,Brinjal
15.9,54.8,24.5,22.8,73.7,6.54,83.8,Black Gram
63.2,31.3,23.5,27.0,53.4,7.03,81.2,Sorghum
97.4,41.2,51.4,30.0,83.9,5.77,238.5,Rice
128.9,53.8,66.7,20.9,61.7,5.96,52.6,Brinjal
32.5,66.5,23.9,24.1,72.9,6.99,72.5,Soybean
21.1,42.4,19.2,30.3,56.2,7.41,52.2,Green Gram
53.0,27.5,23.0,29.3,54.9,6.84,56.1,Sorghum
57.4,33.9,20.0,28.4,56.1,6.28,86.6,Finger Millet
21.1,38.0,28.9,28.4,65.9,6.33,79.6,Groundnut
58.6,45.4,27.8,27.1,57.4,6.74,51.9,Sunflower
63.5,44.9,19.5,21.6,45.9,6.29,63.3,Sunflower
28.2,63.5,22.4,15.9,48.4,6.62,38.8,Chickpea
85.3,57.9,28.6,14.3,54.8,7.46,59.0,Wheat
64.9,38.6,15.6,25.9,34.1,6.89,47.5,Sorghum
33.9,77.5,16.3,23.1,69.9,6.11,87.3,Soybean
74.1,39.7,24.3,17.8,38.5,6.07,37.4,Mustard
72.1,27.6,20.1,15.6,38.2,6.64,33.9,Mustard
87.4,38.3,21.4,31.3,40.1,7.13,66.6,Sorghum
89.6,41.9,53.4,21.7,57.2,7.36,85.3,Cotton
17.4,64.5,16.6,19.9,42.3,6.96,25.2,Chickpea
69.0,28.9,14.3,26.2,37.8,6.76,41.2,Pearl Millet
22.8,45.6,20.9,24.0,60.7,6.24,60.0,Black Gram
22.0,62.2,24.9,26.9,70.6,6.68,101.9,Soybean
107.3,41.9,27.8,18.4,59.6,6.89,91.2,Wheat
41.7,28.8,23.4,20.2,46.2,6.03,91.0,Finger Millet
18.3,36.9,24.8,17.9,43.5,6.65,20.7,Lentil
53.5,30.4,22.3,30.0,52.2,5.97,76.7,Finger Millet
36.3,51.3,27.6,31.6,55.5,6.17,74.2,Groundnut
58.8,27.6,23.1,33.2,39.6,6.69,55.2,Sorghum
15.2,42.5,20.8,23.8,55.7,6.81,105.6,Pigeon Pea
65.0,31.0,15.5,29.3,50.8,7.21,51.2,Sorghum
16.9,44.7,23.3,31.5,67.7,6.53,74.1,Black Gram
126.6,67.1,45.8,25.5,68.1,6.77,64.7,Tomato
61.0,47.9,29.2,20.4,63.4,6.91,72.3,Sunflower
118.6,63.3,68.3,20.1,74.9,6.77,76.3,Tomato
18.1,53.2,23.7,27.6,61.5,6.44,51.3,Black Gram
52.6,15.9,17.7,32.0,33.3,7.28,41.9,Pearl Millet
83.3,53.6,55.8,29.6,53.0,6.53,68.4,Chili
55.3,26.6,13.4,31.3,29.8,6.43,58.1,Pearl Millet
96.7,58.3,52.3,22.5,70.5,5.88,271.6,Rice
114.2,52.6,44.5,23.0,79.8,5.97,176.0,Rice
24.9,63.5,24.9,25.7,76.2,6.16,109.5,Soybean
16.7,42.0,22.4,29.6,68.3,6.35,73.5,Black Gram
108.7,48.1,100.7,19.9,56.7,5.95,42.7,Potato
105.0,66.5,57.9,25.4,72.2,6.14,84.1,Brinjal
21.7,73.1,19.0,28.6,79.9,6.08,93.7,Soybean
45.9,21.5,16.7,29.2,65.5,5.64,82.8,Finger Millet
15.6,44.9,20.4,24.3,51.7,7.26,32.1,Chickpea
111.5,49.5,67.7,26.5,64.6,6.56,72.5,Brinjal
57.4,29.3,22.8,27.0,65.9,5.1,87.4,Finger Millet
56.0,25.4,18.6,29.1,47.0,6.09,41.7,Sorghum
128.0,51.7,63.9,20.4,69.8,6.8,52.4,Tomato
53.9,23.7,24.1,23.4,68.8,5.96,81.6,Finger Millet
99.8,65.4,47.6,22.2,65.1,6.58,57.4,Brinjal
93.1,53.9,62.4,29.5,74.3,6.22,80.3,Brinjal
66.0,37.7,29.0,28.9,48.8,6.52,64.5,Sunflower
22.9,38.9,17.6,27.1,61.6,7.29,69.0,Black Gram
20.9,29.0,16.3,34.9,45.7,6.57,37.0,Sesame
21.0,51.3,22.6,24.6,54.9,7.45,45.3,Green Gram
186.2,67.2,79.6,22.3,67.6,6.2,218.1,Sugarcane
113.8,54.6,54.7,21.1,55.4,6.07,40.4,Chili
119.4,41.5,48.6,22.4,62.6,6.81,88.3,Chili
16.1,50.0,17.6,25.3,55.3,6.89,87.5,Pigeon Pea
20.8,52.8,22.0,24.0,58.6,6.74,47.2,Green Gram
96.3,51.7,54.1,28.1,62.2,6.11,74.1,Chili
38.8,28.1,15.1,30.7,35.1,5.82,35.9,Sesame
57.2,43.4,15.8,17.6,45.6,7.35,59.9,Mustard
180.4,54.0,63.9,29.8,81.8,6.6,193.0,Sugarcane
48.3,29.6,18.4,30.0,51.6,5.5,96.5,Finger Millet
21.3,58.8,19.2,27.1,51.8,6.11,86.3,Groundnut
64.0,38.1,16.0,15.3,53.4,7.0,30.4,Mustard
21.3,51.9,18.0,25.5,68.1,7.35,84.1,Green Gram
19.3,63.7,23.4,22.2,36.6,6.16,39.7,Chickpea
65.7,32.7,18.6,26.9,52.8,5.11,85.1,Finger Millet
33.0,25.9,15.5,28.8,48.0,6.86,49.6,Sesame
37.0,59.9,22.6,26.8,53.7,6.0,75.5,Groundnut
21.1,43.2,21.9,25.6,56.0,6.2,88.7,Groundnut
27.3,24.2,18.8,34.6,46.7,5.56,68.9,Sesame
116.4,35.6,44.0,26.5,51.4,7.54,108.6,Cotton
92.8,41.6,48.0,26.0,52.2,7.28,73.6,Cotton
103.4,53.2,55.0,25.1,66.3,6.93,41.3,Tomato
104.8,48.3,52.9,29.9,73.0,5.81,187.3,Rice
17.5,36.3,21.9,20.7,43.1,6.36,26.5,Lentil
200.2,52.5,50.8,22.6,71.3,6.89,185.8,Sugarcane
72.1,50.0,18.0,20.7,69.9,5.86,105.1,Maize
111.6,66.7,109.9,18.8,64.2,6.3,79.0,Potato
52.6,32.6,23.8,22.4,58.8,5.35,55.1,Finger Millet
31.9,58.3,26.4,22.5,60.3,6.9,99.1,Soybean
51.0,21.6,21.3,21.2,69.6,6.41,69.5,Finger Millet
139.3,65.9,99.2,22.9,57.0,6.18,48.9,Potato
79.1,24.7,19.3,28.0,44.5,7.43,50.7,Pearl Millet
24.8,45.4,16.8,26.9,56.3,6.79,65.9,Pigeon Pea
19.6,47.9,18.8,25.6,47.3,7.0,81.3,Pigeon Pea
15.2,58.3,23.1,28.4,46.9,6.61,108.0,Pigeon Pea
129.7,66.9,94.8,18.7,58.7,6.38,67.7,Potato
29.3,46.0,18.2,16.8,46.5,6.23,34.2,Chickpea
30.8,61.4,16.3,22.6,68.5,6.95,80.9,Soybean
23.3,42.7,20.9,29.2,59.8,6.25,88.9,Black Gram
77.3,31.5,19.3,27.8,49.2,6.34,74.6,Sorghum
56.4,22.0,21.9,28.0,49.1,5.19,57.3,Finger Millet
17.4,54.1,24.4,15.0,39.8,7.41,26.8,Chickpea
97.2,61.4,69.9,26.5,67.1,6.03,65.6,Brinjal
94.9,54.4,41.8,31.3,87.2,5.93,262.6,Rice
211.7,66.3,62.7,26.4,72.2,7.49,161.1,Sugarcane
22.8,71.4,20.6,29.9,73.3,6.96,80.1,Soybean
53.9,51.9,26.2,22.0,51.8,7.45,63.8,Sunflower
205.5,46.6,47.9,24.3,75.3,6.61,154.5,Sugarcane
83.7,29.7,18.3,32.9,41.3,6.28,82.7,Sorghum
90.3,53.8,46.2,28.4,54.3,6.01,53.4,Chili
105.3,62.2,60.0,18.5,56.6,6.02,58.5,Tomato
58.5,33.3,19.1,29.0,52.1,7.34,85.5,Sorghum
83.5,53.2,47.0,27.0,63.0,7.57,99.0,Cotton
112.6,56.4,56.0,21.0,66.0,6.12,46.2,Chili
119.7,51.3,39.3,22.8,51.5,6.01,94.1,Cotton
57.4,31.1,21.8,22.1,53.8,5.23,56.5,Finger Millet
22.8,25.3,13.1,34.1,48.4,6.47,54.6,Sesame
30.5,18.5,10.5,30.7,41.7,5.77,46.3,Sesame
87.7,52.7,36.2,29.3,46.6,7.83,84.5,Cotton
105.1,49.6,53.0,22.5,75.6,6.45,283.5,Rice
102.7,53.3,66.4,21.5,73.9,6.16,96.3,Brinjal
97.7,50.5,46.2,22.4,61.9,6.58,68.3,Brinjal
116.5,60.2,47.7,24.6,73.5,6.16,69.9,Tomato
70.7,42.2,21.6,26.7,67.1,5.89,63.8,Maize
28.3,22.2,14.6,34.7,35.9,6.93,55.4,Sesame
18.6,35.2,23.4,15.3,53.8,6.89,36.1,Lentil
15.9,39.2,20.0,22.2,60.1,6.78,50.6,Black Gram
107.6,56.9,18.2,20.6,57.9,6.98,55.3,Wheat
198.2,53.2,66.5,21.6,67.0,7.05,186.8,Sugarcane
84.7,38.5,19.2,25.5,31.0,6.86,59.6,Sorghum
96.3,51.8,20.6,19.0,63.9,6.35,103.2,Maize
61.7,16.3,10.6,26.1,39.6,7.07,37.0,Pearl Millet
93.9,56.6,26.9,24.1,54.7,6.6,57.6,Wheat
76.4,26.4,16.8,28.0,29.6,7.41,44.2,Pearl Millet
193.1,68.2,62.5,30.8,74.1,6.42,241.6,Sugarcane
22.1,40.1,23.6,30.9,58.9,6.2,89.0,Black Gram
111.9,49.0,113.2,23.7,57.0,5.44,64.1,Potato
108.9,53.0,47.8,28.9,80.9,5.75,201.9,Rice
24.3,45.6,22.5,26.4,64.9,6.31,59.8,Green Gram
28.4,46.7,19.1,24.0,52.9,7.03,54.4,Chickpea
23.1,54.1,24.3,31.1,65.2,6.54,68.6,Black Gram
25.7,55.1,18.0,19.1,39.4,7.45,25.2,Chickpea
66.3,35.6,24.3,20.6,57.3,7.03,47.9,Sunflower
58.8,27.0,18.7,25.7,39.2,6.7,76.1,Sorghum
44.3,21.6,19.2,28.0,48.5,5.23,82.2,Finger Millet
27.3,66.4,18.1,28.0,69.0,6.96,83.0,Soybean
88.4,51.2,48.2,29.2,67.6,6.48,58.0,Chili
115.2,59.6,60.8,27.2,55.4,5.64,68.0,Brinjal
19.1,35.2,16.7,28.5,62.2,7.18,55.2,Green Gram
62.0,17.3,17.3,31.0,43.3,7.43,59.3,Pearl Millet
34.1,62.9,24.8,22.6,64.8,6.77,96.4,Soybean
65.6,23.0,23.7,23.5,63.1,5.57,95.3,Finger Millet
22.6,35.3,20.6,18.8,45.1,6.56,29.4,Lentil
78.6,20.9,11.3,31.7,43.2,7.12,36.2,Pearl Millet
20.7,44.7,20.5,26.9,66.3,7.07,54.4,Black Gram
98.3,35.2,25.0,24.1,71.6,6.15,60.7,Maize
80.4,38.4,53.0,30.7,81.9,6.1,249.8,Rice
16.4,47.2,16.7,27.3,66.8,6.45,51.4,Black Gram
35.3,26.0,18.1,25.3,36.0,6.68,53.7,Sesame
22.9,36.1,18.7,20.1,46.2,6.73,30.6,Lentil
101.2,44.9,45.7,26.7,63.4,6.36,74.8,Cotton
62.0,36.8,19.0,20.7,59.6,6.14,100.2,Maize
73.4,40.1,23.1,12.1,45.0,7.06,34.7,Mustard
115.9,50.2,35.2,23.0,83.3,5.51,174.1,Rice
122.0,55.2,53.0,22.6,57.9,6.36,82.9,Tomato
119.4,41.1,48.4,29.6,74.8,6.23,205.2,Rice
24.1,50.7,21.4,26.3,56.1,6.98,96.6,Pigeon Pea
116.5,59.0,108.6,15.3,55.8,5.91,54.3,Potato
22.1,64.8,22.7,17.1,45.0,6.35,36.4,Chickpea
23.6,43.1,22.0,27.6,67.1,6.47,65.9,Green Gram
65.4,20.3,11.5,31.0,45.4,6.81,34.0,Pearl Millet
19.0,38.0,20.0,23.0,43.8,6.49,45.5,Lentil
40.2,22.3,11.2,28.1,48.2,6.46,59.0,Pearl Millet
70.6,50.0,18.0,24.4,70.2,5.92,85.7,Maize
53.5,27.4,10.0,28.1,31.0,6.57,32.0,Pearl Millet
108.3,49.6,54.3,23.2,56.1,6.71,67.2,Tomato
70.6,23.2,15.8,25.2,34.1,7.34,52.1,Sorghum
101.3,48.5,47.7,29.3,89.5,6.02,198.4,Rice
107.6,36.0,51.0,28.3,71.6,6.37,288.1,Rice
28.3,40.5,19.6,24.7,62.5,6.64,85.7,Pigeon Pea
21.2,46.7,17.8,31.1,56.1,6.67,66.8,Green Gram
18.1,45.3,20.9,29.9,63.1,6.91,61.5,Green Gram
76.4,33.8,16.2,34.4,34.5,6.93,51.1,Sorghum
91.9,63.5,18.9,17.6,67.5,7.26,59.3,Wheat
81.6,39.2,44.1,23.2,50.2,7.75,85.8,Cotton
52.8,27.0,24.3,26.4,52.8,5.95,53.3,Finger Millet
21.2,36.1,15.2,19.5,41.7,6.44,27.9,Lentil
97.8,53.9,53.1,23.2,54.9,6.34,79.8,Chili
100.9,35.2,51.6,27.3,58.2,6.14,78.1,Cotton
88.7,28.9,20.0,27.5,41.8,6.99,77.6,Sorghum
22.1,44.0,16.0,22.1,35.6,6.87,24.2,Lentil
155.9,45.1,59.3,27.9,71.6,7.26,221.7,Sugarcane
15.7,54.1,17.2,24.2,43.5,6.99,36.6,Lentil
30.5,24.4,17.6,33.4,50.2,6.03,69.9,Sesame
172.1,64.5,68.5,29.0,81.2,7.17,218.2,Sugarcane
184.3,69.2,78.2,31.8,82.3,7.36,171.7,Sugarcane
106.8,52.9,44.4,27.6,51.7,6.49,40.5,Chili
32.6,28.7,10.4,27.4,38.9,6.25,50.0,Sesame
63.9,40.0,17.2,14.9,53.9,7.43,59.7,Mustard
139.3,45.2,105.4,21.7,68.4,6.33,73.7,Potato
16.7,63.3,16.8,17.5,43.1,6.57,51.8,Chickpea
36.4,20.6,18.5,26.6,40.4,5.57,47.8,Sesame
16.4,47.5,22.3,24.3,40.6,6.95,21.9,Lentil
61.9,21.0,15.2,35.0,28.4,7.28,41.9,Pearl Millet
17.3,45.4,16.7,25.1,61.4,6.24,58.2,Black Gram
41.9,22.8,15.3,27.4,63.1,5.24,91.8,Finger Millet
50.0,28.7,23.9,25.7,60.8,5.93,52.6,Finger Millet
80.9,50.8,44.4,25.6,59.3,6.58,67.5,Chili
117.7,40.0,35.8,25.4,54.0,6.66,107.9,Cotton
22.7,63.0,24.0,16.6,42.3,6.93,26.4,Chickpea
33.1,46.1,20.2,30.7,65.2,6.32,55.2,Groundnut
110.9,49.6,55.8,20.7,53.8,6.55,87.4,Chili
102.0,41.1,24.5,24.4,62.0,7.23,94.2,Wheat
87.5,36.4,24.8,27.6,54.2,6.65,57.4,Sorghum
127.1,58.0,49.8,20.7,62.7,6.62,62.0,Tomato
101.1,40.1,37.4,25.6,46.6,7.17,61.6,Cotton
52.8,17.5,17.8,26.2,40.9,6.4,32.1,Pearl Millet
129.5,64.9,60.7,25.2,74.4,6.4,97.2,Brinjal
28.4,55.8,15.3,24.9,69.8,6.28,98.8,Groundnut
107.9,49.0,98.9,21.9,69.9,6.18,75.1,Potato
22.1,38.8,20.5,24.5,74.1,6.04,58.0,Black Gram
176.3,53.8,73.9,21.1,81.0,6.86,248.6,Sugarcane
108.4,65.7,55.6,22.5,74.7,5.9,66.2,Brinjal
23.7,49.9,23.6,19.9,37.6,6.7,26.2,Lentil
18.4,49.6,18.7,24.5,55.7,5.81,67.8,Pigeon Pea
34.3,20.6,16.8,32.1,53.7,5.6,41.7,Sesame
24.1,54.0,19.9,20.0,38.5,7.22,41.7,Chickpea
103.8,54.4,45.1,25.6,59.5,7.0,90.4,Cotton
109.8,45.1,29.4,16.8,56.5,6.22,65.3,Wheat
67.2,31.9,25.0,32.7,39.9,7.24,48.5,Sorghum
51.2,24.1,18.4,30.1,45.4,7.37,65.5,Sorghum
36.0,46.3,27.3,28.3,56.8,6.66,85.9,Groundnut
60.3,21.0,21.0,27.4,50.3,6.51,51.5,Finger Millet
24.4,40.2,23.5,23.6,50.5,6.17,44.7,Lentil
70.8,59.2,20.6,21.1,66.6,5.97,82.2,Maize
127.0,50.7,57.3,28.8,56.6,5.57,61.7,Brinjal
207.1,60.5,78.6,23.8,66.4,6.74,158.5,Sugarcane
55.6,34.1,22.5,15.7,35.4,6.81,58.7,Mustard
21.5,37.3,20.4,19.4,40.4,6.6,46.1,Lentil
197.0,65.8,74.8,22.9,74.7,7.1,227.4,Sugarcane
67.2,29.0,20.0,32.2,32.2,7.61,31.5,Pearl Millet
111.0,48.5,67.9,27.3,68.7,6.02,66.9,Tomato
28.2,45.8,19.1,20.4,55.0,6.33,87.9,Pigeon Pea
22.9,43.7,20.2,26.6,53.4,6.57,103.1,Pigeon Pea
108.7,50.2,68.1,20.5,72.3,6.16,80.9,Brinjal
108.9,50.6,54.6,20.9,60.6,6.29,88.6,Chili
160.9,55.4,67.0,29.6,78.7,7.01,164.9,Sugarcane
217.3,58.4,58.2,29.4,75.5,6.02,223.6,Sugarcane
74.2,28.8,17.1,16.4,41.4,7.43,53.7,Mustard
163.0,63.0,68.4,29.2,68.8,6.24,173.6,Sugarcane
111.2,42.7,26.4,19.0,69.3,6.51,81.6,Wheat
91.8,55.2,55.4,27.7,67.0,6.64,75.7,Tomato
23.0,43.2,17.3,19.1,51.5,6.23,35.7,Lentil
61.8,29.0,15.7,22.0,40.0,6.91,50.6,Mustard
93.3,40.6,52.2,25.7,51.9,6.6,89.9,Chili
150.3,54.1,50.9,29.3,66.0,6.83,179.5,Sugarcane
125.8,64.7,48.2,24.1,74.9,6.6,79.3,Tomato
21.4,63.0,20.8,27.0,63.2,6.86,92.4,Soybean
109.4,55.7,62.8,26.5,58.7,5.77,62.6,Brinjal
18.6,44.5,18.6,21.4,53.0,6.16,31.4,Lentil
61.7,33.4,24.7,21.0,49.4,6.84,59.2,Mustard
81.2,48.4,53.5,26.4,64.4,6.27,88.4,Cotton
90.9,50.3,16.8,14.4,63.6,6.27,76.3,Wheat
97.2,45.1,24.1,20.9,64.5,6.07,92.0,Maize
107.5,35.9,51.5,23.6,53.9,6.62,73.4,Cotton
66.3,23.2,21.6,34.7,44.1,7.07,43.4,Sorghum
101.8,45.3,37.2,24.5,59.7,7.84,72.6,Cotton
27.9,19.7,11.0,29.3,41.8,5.68,45.4,Sesame
96.7,56.6,49.3,23.0,65.5,6.85,61.0,Chili
85.0,47.2,19.0,26.9,72.6,6.55,88.5,Maize
177.8,68.7,53.7,31.4,84.1,7.32,206.4,Sugarcane
50.4,33.4,24.7,24.4,53.0,5.95,84.4,Finger Millet
73.6,53.0,18.3,26.3,52.8,7.48,59.2,Sunflower
185.0,48.2,73.2,27.8,67.7,6.56,231.0,Sugarcane
73.2,39.8,22.6,29.4,47.7,6.58,51.4,Sorghum
106.2,46.0,51.8,24.0,64.6,6.21,63.7,Brinjal
160.1,52.7,71.8,24.4,73.2,6.45,158.0,Sugarcane
64.2,21.0,15.3,29.2,32.1,6.91,84.0,Sorghum
56.9,42.0,16.4,19.5,52.8,6.71,52.4,Mustard
102.7,58.5,28.2,17.3,56.5,7.0,90.4,Wheat
23.7,48.3,18.4,28.8,55.4,7.1,69.5,Black Gram
96.4,67.2,69.8,23.7,70.5,6.86,75.0,Tomato
77.3,15.3,11.5,33.9,36.5,7.1,49.9,Pearl Millet
108.7,57.3,29.9,13.7,52.1,7.09,78.9,Wheat
98.2,48.1,18.0,18.7,65.0,6.75,95.4,Maize
87.6,48.4,51.8,26.0,55.8,6.92,85.8,Chili
59.2,23.5,22.1,28.7,48.2,6.56,79.7,Finger Millet
102.4,55.1,25.1,22.5,55.4,7.24,74.9,Wheat
70.4,44.8,15.6,26.6,61.8,7.08,73.2,Sunflower
18.2,46.1,22.3,22.4,50.2,6.69,50.3,Green Gram
76.8,49.5,22.0,20.9,46.1,6.56,58.6,Sunflower
19.6,38.3,17.0,25.9,46.3,6.79,108.1,Pigeon Pea
118.7,44.1,36.2,29.1,45.8,7.91,93.2,Cotton
74.3,51.4,17.4,19.7,73.4,5.92,85.3,Maize
108.2,38.0,46.8,29.7,48.1,7.71,95.1,Cotton
21.0,29.9,17.4,25.9,35.4,6.58,50.4,Sesame
90.4,67.0,56.1,27.3,64.9,6.69,43.5,Tomato
84.1,40.1,46.3,21.5,54.4,6.01,51.4,Chili
66.8,21.2,18.3,22.5,69.7,5.7,86.6,Finger Millet
176.3,62.9,58.8,23.6,71.9,6.11,183.2,Sugarcane
112.9,53.4,107.9,19.3,60.4,5.89,70.8,Potato
46.6,22.5,19.1,29.3,62.8,5.75,75.9,Finger Millet
87.4,59.2,50.5,31.4,87.9,6.1,288.3,Rice
24.7,50.1,23.1,15.3,44.4,6.65,44.9,Lentil
23.6,37.5,20.7,23.4,69.1,7.36,67.4,Black Gram
18.1,48.3,21.7,17.9,44.2,6.19,26.3,Lentil
62.2,59.3,17.3,20.7,61.1,6.08,60.1,Maize
21.6,43.2,17.8,22.3,39.8,6.17,35.9,Lentil
19.8,42.3,19.3,16.3,54.0,6.71,32.7,Chickpea
50.8,26.8,17.9,24.6,46.2,6.56,56.7,Mustard
16.1,47.0,18.2,24.5,40.7,6.69,46.9,Chickpea
100.8,48.4,27.4,17.6,55.0,6.93,85.3,Wheat
118.6,60.1,83.8,23.0,60.9,5.06,76.8,Potato
17.2,43.6,21.5,22.3,35.0,6.94,24.9,Lentil
66.7,26.7,19.6,20.8,61.8,6.48,62.2,Finger Millet
24.7,46.1,17.3,28.8,55.0,6.33,73.6,Groundnut
209.4,48.5,46.1,31.3,68.0,7.21,232.3,Sugarcane
112.1,51.5,22.2,13.7,51.6,7.09,74.8,Wheat
117.0,43.6,58.1,23.1,52.6,6.83,40.1,Chili
106.5,53.9,26.0,18.0,51.2,6.84,97.9,Wheat
110.0,54.6,58.5,21.8,62.2,6.46,53.8,Tomato
31.5,22.4,17.3,30.7,40.4,5.72,56.2,Sesame
22.8,50.1,24.6,25.9,54.4,6.36,106.4,Pigeon Pea
83.2,48.1,43.2,31.8,72.2,5.9,295.4,Rice
29.8,64.6,27.5,29.6,76.1,6.38,109.4,Soybean
135.0,48.9,112.9,17.3,58.5,6.35,58.2,Potato
27.6,15.7,13.4,28.9,54.8,5.81,54.1,Sesame
132.1,50.8,98.7,23.2,61.7,5.32,51.4,Potato
26.5,79.2,17.1,26.7,64.0,6.79,109.2,Soybean
17.0,35.2,21.3,18.2,54.5,6.19,30.4,Lentil
99.4,56.1,45.9,21.0,60.4,6.53,79.9,Chili
118.7,41.1,51.8,26.8,69.7,6.94,75.6,Chili
23.7,75.8,24.2,29.3,64.6,6.12,70.3,Soybean
111.3,44.1,45.7,24.9,59.0,6.52,67.2,Chili
88.1,39.1,38.3,30.1,83.3,6.02,203.8,Rice
94.1,46.4,38.0,24.6,47.1,7.07,64.9,Cotton
23.7,36.9,24.4,23.7,63.3,6.67,97.8,Pigeon Pea
19.7,58.2,23.7,24.4,51.1,7.28,42.0,Chickpea
19.2,43.8,21.3,29.7,55.7,6.89,57.5,Black Gram
22.7,46.9,18.4,17.6,37.4,6.51,37.6,Lentil
108.8,45.8,41.0,29.0,59.7,6.28,75.8,Chili
88.2,45.6,18.5,21.6,60.3,6.05,84.2,Maize
174.5,63.4,77.9,22.0,71.1,6.69,199.8,Sugarcane
74.8,17.7,19.5,27.2,33.2,7.41,41.8,Pearl Millet
103.8,52.4,29.8,13.8,63.9,6.61,71.4,Wheat
22.1,44.8,17.6,23.8,46.5,6.22,28.1,Lentil
15.7,46.7,21.5,20.3,53.9,6.59,47.8,Chickpea
21.7,60.9,20.7,25.0,40.7,6.42,26.4,Chickpea
85.6,53.4,52.3,25.8,50.8,6.7,77.1,Cotton
31.6,56.7,29.3,29.4,61.0,6.0,52.0,Groundnut
28.8,56.4,17.5,26.1,58.9,6.71,68.8,Groundnut
72.9,28.4,21.3,13.1,53.9,6.44,36.8,Mustard
16.0,65.0,15.2,23.4,42.3,7.26,42.2,Chickpea
23.3,35.8,15.2,25.7,58.0,6.84,86.7,Black Gram
21.8,52.5,19.3,26.1,65.3,6.87,47.8,Green Gram
23.2,44.0,18.3,26.7,71.4,6.19,84.3,Black Gram
26.2,46.8,16.2,17.5,53.4,6.87,41.3,Chickpea
20.0,52.4,22.0,27.0,54.9,6.87,84.5,Pigeon Pea
29.0,47.7,23.7,22.6,40.0,6.05,24.1,Chickpea
19.9,42.1,23.9,23.7,53.0,6.87,71.3,Green Gram
22.3,79.0,15.6,29.8,60.1,6.87,85.4,Soybean
211.8,50.7,76.4,24.8,71.2,7.09,180.5,Sugarcane
84.8,32.6,20.3,26.2,45.1,6.18,56.9,Sorghum
24.9,50.9,23.2,24.1,37.4,6.8,31.4,Chickpea
19.1,55.8,24.8,24.9,45.2,5.71,76.1,Pigeon Pea
21.6,36.1,24.2,24.7,45.6,6.53,84.1,Pigeon Pea
117.9,56.4,51.0,28.7,69.8,6.61,70.6,Chili
19.7,46.5,21.7,25.4,61.9,6.64,62.9,Pigeon Pea
106.4,63.8,108.4,16.8,66.9,5.42,71.7,Potato
217.6,68.7,68.9,29.8,68.5,7.08,211.8,Sugarcane
23.4,18.2,15.3,26.8,47.7,5.94,62.7,Sesame
93.0,49.2,20.9,21.0,57.8,6.67,61.9,Wheat
92.4,43.1,49.6,28.4,87.7,5.97,167.9,Rice
136.7,67.4,116.4,21.7,52.1,5.66,45.3,Potato
26.7,51.1,19.9,22.8,42.6,6.66,35.0,Chickpea
96.8,52.4,22.3,25.8,60.5,6.77,69.8,Maize
41.5,27.4,16.2,24.0,53.8,6.39,90.2,Finger Millet
24.0,39.7,18.8,26.4,57.2,6.42,54.9,Groundnut
117.1,59.7,46.6,22.0,54.2,7.58,61.4,Cotton
118.3,63.6,63.2,24.1,67.6,6.25,71.1,Brinjal
35.3,53.6,18.7,29.8,65.0,6.4,60.5,Groundnut
21.1,55.4,27.4,25.9,56.5,6.48,79.8,Groundnut
54.5,29.1,12.8,28.3,42.5,7.42,57.9,Pearl Millet
111.2,52.1,53.8,22.7,67.0,6.71,92.8,Brinjal
110.4,45.6,85.6,19.0,55.6,6.15,44.3,Potato
20.8,55.3,15.3,22.1,62.2,6.24,81.1,Soybean
24.1,50.1,23.3,24.3,50.5,5.9,86.8,Pigeon Pea
18.6,41.0,17.1,22.4,50.9,7.31,72.1,Green Gram
63.5,29.8,15.0,19.3,46.8,7.46,40.8,Mustard
66.7,29.2,22.3,30.7,46.7,7.17,83.1,Sorghum
63.4,29.1,11.7,29.7,27.3,7.2,46.5,Pearl Millet
62.2,28.1,21.7,31.8,37.9,6.2,71.6,Sorghum
92.6,58.2,51.8,26.0,55.2,6.84,87.7,Tomato
110.5,60.9,118.2,21.2,68.5,6.18,69.1,Potato
95.8,51.0,45.9,29.8,55.8,6.44,45.2,Chili
20.5,50.8,21.2,15.7,45.1,6.27,43.0,Chickpea
104.0,64.0,45.8,25.5,74.4,6.78,64.1,Brinjal
50.0,37.4,22.9,31.3,48.8,6.23,62.9,Sorghum
31.4,28.1,16.5,34.5,40.6,6.39,59.2,Sesame
45.1,25.8,18.5,24.3,64.5,5.87,89.7,Finger Millet
65.7,33.9,16.9,31.4,36.5,7.33,84.8,Sorghum
134.8,50.5,98.2,22.7,66.5,6.34,77.6,Potato
103.5,62.9,57.1,26.3,65.1,6.76,84.6,Brinjal
18.0,47.7,16.6,26.7,60.1,5.67,83.4,Pigeon Pea
86.8,57.6,39.0,29.9,45.1,6.53,70.0,Cotton
18.0,45.6,19.1,24.7,52.6,7.23,84.8,Green Gram
192.9,56.7,73.4,29.4,75.1,7.28,225.1,Sugarcane
34.8,71.6,25.2,22.3,72.1,6.48,75.3,Soybean
98.1,48.1,43.8,26.0,81.2,5.66,177.3,Rice
109.5,48.7,66.7,22.8,70.7,6.37,79.9,Brinjal
187.3,45.9,78.3,24.0,65.3,6.11,208.0,Sugarcane
108.4,42.7,23.5,15.3,69.3,6.73,90.3,Wheat
56.1,30.2,21.8,26.3,51.7,5.07,72.8,Finger Millet
126.4,51.1,117.6,15.1,50.1,5.76,59.5,Potato
94.2,46.0,23.5,26.0,56.2,6.86,82.4,Maize
101.3,36.3,41.7,23.3,71.3,6.49,198.4,Rice
104.4,45.1,64.5,27.0,57.6,6.78,80.4,Brinjal
72.0,28.1,23.3,33.1,45.3,6.56,52.8,Sorghum
67.2,31.6,23.2,14.4,44.3,6.02,44.5,Mustard
23.6,59.0,24.6,30.8,60.8,6.41,98.9,Groundnut
80.8,42.1,29.5,15.8,65.4,6.94,69.1,Wheat
107.4,40.4,41.1,25.3,53.8,6.63,67.6,Chili
91.8,59.0,55.2,27.7,63.1,6.39,55.1,Brinjal
118.3,46.0,46.3,26.1,67.8,6.36,68.6,Brinjal
208.2,62.7,78.7,27.3,66.7,6.9,218.7,Sugarcane
21.1,52.0,15.7,25.9,60.4,6.74,68.5,Pigeon Pea
84.9,45.3,56.7,29.0,60.8,6.03,86.3,Chili
112.8,69.0,103.6,22.1,50.9,5.16,72.6,Potato
182.3,68.9,56.0,30.9,69.6,6.29,201.9,Sugarcane
22.0,47.5,16.9,26.7,69.4,6.79,65.8,Black Gram
38.7,38.4,22.3,26.1,65.1,6.72,57.0,Groundnut
112.8,59.1,38.6,26.4,53.5,6.67,88.3,Cotton
111.9,62.8,66.5,29.4,70.7,6.35,71.7,Brinjal
79.7,46.9,21.0,28.4,59.6,7.12,47.8,Sunflower
153.8,68.5,64.6,28.2,72.4,7.17,166.7,Sugarcane
88.1,26.5,18.5,30.1,53.5,7.31,45.1,Sorghum
65.6,24.7,17.2,34.6,45.4,6.84,60.8,Sorghum
103.6,53.0,40.5,25.5,61.9,6.21,50.4,Chili
24.3,40.3,16.9,19.9,54.0,6.58,37.0,Chickpea
19.0,62.6,18.2,20.5,36.0,6.07,48.8,Chickpea
68.9,36.6,24.9,23.5,43.2,6.56,38.9,Mustard
25.3,60.8,24.3,26.1,79.8,6.98,101.8,Soybean
86.1,53.5,18.2,23.8,62.9,6.66,70.0,Maize
87.0,58.4,42.2,28.7,60.9,6.04,63.2,Chili
22.0,41.3,20.1,20.3,47.6,6.83,97.6,Pigeon Pea
161.2,67.4,55.3,29.0,80.6,7.44,199.9,Sugarcane
15.1,42.1,23.1,22.7,53.3,7.28,47.3,Chickpea
103.3,55.9,89.4,23.9,60.8,5.99,51.2,Potato
20.7,42.1,18.8,19.1,49.6,6.45,45.7,Lentil
174.2,46.1,70.2,31.5,70.3,6.13,197.6,Sugarcane
76.2,35.5,15.2,21.3,37.2,7.18,35.0,Mustard
45.5,29.3,13.3,31.6,43.8,7.5,58.4,Pearl Millet
102.9,50.8,44.0,24.9,76.6,6.17,262.9,Rice
107.1,54.8,56.6,18.8,66.1,6.33,46.1,Tomato
102.9,68.0,67.2,24.1,55.8,5.56,64.2,Brinjal
21.7,46.0,15.9,27.2,49.3,5.8,80.6,Pigeon Pea
114.4,55.3,113.4,19.6,64.6,5.03,58.6,Potato
22.7,76.8,26.1,27.3,68.1,6.26,119.0,Soybean
162.5,47.1,75.9,31.1,70.5,6.57,216.0,Sugarcane
105.6,46.4,44.2,21.1,48.5,6.98,101.1,Cotton
101.0,45.4,58.8,23.8,63.5,6.07,84.7,Tomato
19.3,50.2,18.7,24.4,64.6,6.63,84.3,Green Gram
50.8,18.0,17.8,34.1,34.3,7.4,56.9,Pearl Millet
105.9,54.0,43.5,29.7,62.3,6.16,41.0,Chili
42.5,34.8,21.7,22.9,59.6,5.2,98.3,Finger Millet
51.3,33.2,20.3,26.0,34.3,6.85,54.8,Sorghum
103.1,53.0,53.2,26.7,65.6,6.0,57.5,Brinjal
22.1,36.0,19.1,29.1,54.5,7.19,70.2,Green Gram
106.7,51.1,47.0,28.9,51.6,6.47,78.8,Chili
60.9,47.6,25.1,22.1,61.7,6.43,47.5,Sunflower
21.1,46.7,20.5,21.4,40.2,6.08,23.6,Lentil
19.8,42.5,19.9,20.8,38.8,6.9,40.2,Lentil
38.1,18.5,12.0,25.1,49.1,6.91,41.5,Sesame
164.8,69.4,70.4,31.1,71.1,7.11,221.4,Sugarcane
34.7,47.9,27.2,29.8,62.3,6.15,91.8,Groundnut
26.7,57.2,19.3,28.3,63.0,6.65,115.9,Soybean
199.6,48.3,68.4,30.8,73.5,6.62,194.3,Sugarcane
24.8,51.3,24.6,20.0,50.0,6.89,106.6,Pigeon Pea
93.3,43.5,55.4,24.0,60.1,6.64,85.5,Chili
19.9,44.8,17.6,23.4,53.2,6.58,85.6,Pigeon Pea
137.3,59.3,91.9,24.0,63.6,5.61,62.4,Potato
51.6,25.8,19.3,12.8,50.8,6.79,30.9,Mustard
33.9,16.4,19.4,33.3,52.2,6.86,49.3,Sesame
20.8,51.3,24.9,18.9,35.9,6.8,38.1,Lentil
22.7,42.2,22.3,23.0,65.8,6.8,56.7,Green Gram
20.0,49.2,17.5,18.2,41.7,6.03,30.2,Lentil
97.9,55.0,22.7,24.0,59.9,7.49,92.6,Wheat
19.9,47.1,18.3,24.8,48.3,6.04,29.8,Lentil
64.2,40.1,23.8,24.5,41.5,7.2,36.3,Mustard
51.4,38.0,20.2,28.3,62.9,6.28,64.8,Sunflower
83.2,52.0,57.0,20.5,66.0,6.39,48.0,Chili
93.9,57.0,23.5,15.5,67.6,7.2,82.9,Wheat
16.4,43.3,18.7,22.1,56.7,6.16,61.7,Pigeon Pea
86.0,48.1,26.1,18.2,57.5,6.59,73.0,Wheat
107.7,46.6,66.8,25.7,62.7,5.65,97.3,Brinjal
30.0,37.6,18.0,27.8,67.8,6.57,84.1,Groundnut
15.8,59.6,23.5,23.0,45.2,6.35,53.8,Chickpea
22.5,37.7,15.7,31.8,74.1,6.09,67.7,Black Gram
117.4,56.6,40.7,22.4,54.0,6.71,94.1,Cotton
21.1,44.5,23.7,22.3,67.9,7.14,80.4,Black Gram
23.8,51.9,23.0,26.6,53.0,6.27,100.2,Pigeon Pea
197.1,46.1,52.7,26.0,71.6,7.07,201.1,Sugarcane
106.8,55.6,54.5,29.5,64.8,6.69,53.1,Chili
35.1,26.8,11.0,33.4,43.2,5.89,55.2,Sesame
189.8,47.7,58.0,23.7,75.3,7.27,193.6,Sugarcane
104.4,58.6,61.3,24.2,69.1,6.08,57.8,Tomato
64.9,25.8,11.1,25.4,49.9,6.57,31.6,Pearl Millet
101.7,42.2,46.8,22.3,70.7,6.32,204.0,Rice
26.4,17.3,18.1,32.6,44.7,6.31,37.1,Sesame
32.6,26.5,17.8,32.7,39.5,6.96,69.8,Sesame
28.1,40.0,15.8,27.9,61.7,5.74,102.7,Pigeon Pea
97.3,47.8,22.6,17.7,52.1,6.96,60.8,Wheat
17.6,52.6,23.9,17.0,47.3,6.09,31.7,Lentil
26.5,59.0,17.7,26.5,60.2,6.86,70.8,Groundnut
22.8,40.1,23.3,22.0,53.9,6.41,39.9,Lentil
118.7,60.0,19.4,24.7,62.0,6.87,87.4,Wheat
109.3,69.9,61.8,18.7,57.4,6.92,71.5,Tomato
58.1,29.5,19.2,21.4,47.3,5.03,93.7,Finger Millet
199.0,55.2,64.2,31.4,68.3,6.44,165.2,Sugarcane
20.6,44.7,16.0,29.1,46.8,6.47,80.7,Pigeon Pea
101.4,42.8,39.5,25.6,57.1,6.02,99.0,Cotton
22.4,41.0,19.6,21.0,38.4,6.74,29.1,Lentil
92.9,56.4,24.2,21.9,61.4,6.5,78.6,Maize
16.6,55.3,15.4,26.6,50.5,6.81,84.2,Pigeon Pea
67.7,24.9,10.4,28.7,49.5,6.87,45.1,Pearl Millet
79.7,39.9,18.0,25.3,55.7,6.66,70.9,Sunflower
81.8,25.4,21.9,27.6,53.5,6.95,56.2,Sorghum
177.2,57.6,56.5,28.3,84.9,6.04,240.0,Sugarcane
39.7,26.9,19.9,34.7,44.8,6.54,38.9,Sesame
20.5,39.6,22.4,27.3,71.2,7.17,58.6,Black Gram
48.8,26.7,22.3,26.9,69.7,5.41,83.1,Finger Millet
127.2,54.0,65.1,23.0,62.9,6.94,65.5,Tomato
121.6,53.1,99.1,19.6,58.0,6.39,69.8,Potato
159.5,52.9,56.2,28.7,67.3,7.24,226.1,Sugarcane
23.8,52.8,24.6,30.7,55.0,6.57,82.7,Black Gram
66.3,44.1,23.9,14.2,44.5,7.46,41.2,Mustard
17.3,40.3,15.4,16.2,54.7,6.32,23.5,Lentil
126.3,46.6,95.6,17.5,61.6,5.78,59.2,Potato
33.1,18.8,14.3,25.6,46.8,6.63,49.5,Sesame
16.5,35.4,16.6,30.0,48.6,6.25,102.4,Pigeon Pea
107.5,54.8,57.5,23.3,68.8,6.71,58.9,Tomato
63.0,23.5,18.8,30.6,49.0,6.28,32.9,Pearl Millet
95.5,50.1,23.3,26.9,60.8,6.95,79.5,Maize
75.8,52.4,22.1,25.1,61.7,7.11,50.6,Sunflower
95.0,57.4,35.3,27.3,64.1,7.41,109.7,Cotton
26.7,40.5,18.3,21.3,40.5,7.36,45.4,Chickpea
94.3,48.3,46.6,18.9,63.6,6.32,75.3,Tomato
16.5,36.7,21.4,26.7,73.2,6.54,61.5,Black Gram
27.4,64.2,23.9,21.0,45.6,6.04,29.9,Chickpea
57.3,25.8,24.9,16.4,41.2,7.36,47.6,Mustard
52.6,20.9,12.4,26.0,29.5,7.48,50.3,Pearl Millet
178.1,58.2,49.3,26.9,77.2,7.5,247.5,Sugarcane
95.1,53.5,15.1,20.2,59.3,6.12,72.4,Maize
60.7,23.7,19.4,31.7,37.0,7.5,58.5,Pearl Millet
88.2,35.8,45.3,21.8,54.4,7.87,96.0,Cotton
113.0,53.6,47.7,27.1,61.1,7.32,76.4,Cotton
20.7,38.0,19.7,30.3,50.3,6.41,45.1,Green Gram
17.2,49.1,22.8,26.6,69.0,6.58,56.4,Black Gram
125.8,51.4,55.5,28.3,70.4,6.56,75.9,Brinjal
133.1,49.4,96.5,21.9,69.6,6.43,76.0,Potato
116.0,67.9,94.4,22.7,68.1,5.75,57.9,Potato
98.6,57.7,22.2,22.8,72.4,5.96,99.5,Maize
43.2,23.5,19.1,29.0,32.4,6.43,34.5,Pearl Millet
18.7,47.2,22.0,18.4,37.2,6.07,37.7,Lentil
25.6,58.6,28.3,24.7,60.3,6.23,70.5,Groundnut
66.3,32.4,22.0,18.2,51.7,7.02,50.5,Mustard
110.2,37.6,53.1,27.1,86.5,5.82,284.3,Rice
17.6,45.3,20.7,31.3,67.9,6.62,87.2,Black Gram
82.4,54.1,56.4,26.6,50.3,6.18,57.1,Chili
112.9,51.5,38.3,27.6,59.5,6.85,106.2,Cotton
103.5,54.5,69.3,18.1,74.7,6.98,89.8,Tomato
73.6,31.7,23.8,20.0,51.4,6.82,36.6,Mustard
33.3,49.6,22.3,25.5,67.9,6.25,54.6,Groundnut
22.9,28.5,10.8,33.2,38.0,5.56,60.2,Sesame
20.5,59.0,23.2,28.5,48.4,5.91,74.3,Pigeon Pea
18.2,40.2,15.4,27.8,59.6,6.22,76.2,Black Gram
15.0,41.1,16.1,26.7,68.5,7.31,80.0,Black Gram
87.9,28.0,22.8,27.7,54.8,6.04,70.2,Sorghum
73.8,20.9,10.5,29.0,41.8,6.92,52.5,Pearl Millet
71.3,32.8,23.4,20.8,49.0,6.8,56.6,Mustard
97.9,47.4,18.8,19.5,70.7,6.68,79.2,Maize
16.5,36.5,23.1,22.5,50.1,6.72,40.1,Lentil
47.2,19.0,12.0,27.5,32.7,7.09,47.6,Pearl Millet
107.4,39.1,53.2,30.2,89.0,6.23,242.0,Rice
17.3,53.0,23.3,27.5,67.3,6.71,65.7,Black Gram
21.0,59.5,17.3,26.1,53.7,5.61,84.4,Pigeon Pea
20.1,44.5,17.7,15.3,47.1,6.4,29.0,Lentil
27.5,46.6,19.5,20.4,48.3,7.18,35.8,Chickpea
57.7,15.7,18.2,33.3,39.7,6.76,54.0,Pearl Millet
55.7,36.4,23.1,22.0,51.1,7.32,58.1,Mustard
57.3,23.1,23.3,25.4,40.5,6.25,84.0,Sorghum
84.4,35.8,47.2,29.5,64.8,6.97,83.4,Cotton
106.2,45.6,60.1,22.9,63.7,6.14,53.2,Brinjal
97.1,40.5,41.3,26.5,69.3,6.55,65.3,Chili
21.4,51.8,16.6,15.3,53.9,6.36,29.6,Chickpea
94.2,40.9,40.3,24.8,51.9,6.19,82.3,Chili
17.7,45.2,19.4,27.1,68.5,6.58,60.1,Black Gram
105.0,48.2,44.7,25.1,65.9,6.83,82.3,Chili
128.7,69.4,112.3,17.5,64.2,6.14,69.2,Potato
37.9,56.7,28.4,26.2,50.7,6.26,63.9,Groundnut
89.5,57.1,17.0,23.3,69.0,6.62,80.4,Maize
60.9,29.8,15.8,29.6,37.7,7.23,42.8,Sorghum
25.0,50.0,21.4,18.6,36.0,6.03,36.6,Lentil
86.0,35.8,21.8,31.8,53.6,6.44,40.1,Sorghum
119.6,66.7,114.3,22.3,51.2,5.37,75.0,Potato
51.3,21.0,18.1,25.1,41.2,7.27,54.0,Pearl Millet
119.2,42.5,47.5,29.3,67.5,6.39,74.9,Chili
188.5,62.7,69.0,26.7,74.3,6.6,236.2,Sugarcane
119.4,51.8,69.8,21.8,59.3,5.88,98.8,Brinjal
18.5,53.4,24.3,24.4,66.0,6.65,81.7,Green Gram
55.6,35.8,17.8,16.2,42.0,6.09,59.6,Mustard
43.1,15.1,16.7,31.4,35.3,6.98,42.5,Pearl Millet
20.6,48.0,16.5,28.5,53.7,7.13,58.6,Green Gram
19.0,49.9,20.8,18.9,38.4,6.23,37.3,Lentil
82.6,35.6,22.6,26.9,32.2,7.05,58.4,Sorghum
108.1,48.3,52.0,24.3,59.3,6.89,48.1,Chili
95.1,46.3,64.2,24.7,65.0,6.47,64.9,Tomato
30.9,20.8,10.0,32.3,50.0,6.62,47.1,Sesame
95.9,57.7,68.0,28.6,74.4,6.35,83.8,Brinjal
62.9,41.6,21.2,26.0,65.0,6.74,48.3,Sunflower
38.2,21.6,17.5,34.3,53.2,5.59,42.2,Sesame
53.8,27.5,15.7,26.8,57.6,6.38,74.3,Finger Millet
17.3,35.5,18.8,23.4,64.2,6.99,46.8,Green Gram
50.4,34.3,22.1,31.2,54.8,6.47,57.0,Sorghum
71.7,51.3,27.8,20.8,51.9,7.03,59.9,Sunflower
97.4,45.0,47.3,28.4,70.9,5.87,243.9,Rice
55.6,21.1,21.3,22.5,65.1,6.47,98.9,Finger Millet
20.6,53.9,19.1,18.3,47.1,6.93,45.1,Lentil
64.0,17.5,13.8,31.2,49.2,7.36,57.7,Pearl Millet
24.0,43.2,20.2,26.8,64.0,7.16,71.1,Black Gram
16.9,42.8,24.5,24.5,63.4,7.11,62.9,Green Gram
97.6,52.4,47.7,22.0,60.6,7.44,92.8,Cotton
21.6,47.8,17.1,22.3,58.7,6.85,80.1,Green Gram
26.1,55.4,23.9,22.1,60.0,6.62,79.5,Soybean
24.9,25.7,15.2,31.8,40.4,6.4,50.5,Sesame
19.2,49.6,23.0,31.5,62.2,6.38,82.0,Green Gram
83.2,52.4,42.6,22.2,62.2,7.23,77.7,Cotton
33.0,29.5,15.1,34.9,41.0,5.55,40.8,Sesame
37.8,15.6,10.7,28.3,39.7,5.9,42.7,Sesame
16.7,42.2,17.9,28.1,68.1,7.44,71.1,Green Gram
156.2,55.3,64.1,26.1,83.0,7.36,232.2,Sugarcane
176.0,60.5,65.1,25.3,71.1,6.61,207.4,Sugarcane
23.6,26.8,18.4,30.5,46.1,6.45,50.4,Sesame
17.1,47.7,22.6,31.9,58.6,7.15,63.6,Black Gram
122.7,61.3,55.6,22.3,56.4,6.2,99.5,Brinjal
34.7,35.2,23.1,30.4,55.3,6.6,83.4,Groundnut
110.9,40.7,16.0,18.0,68.2,6.81,74.9,Wheat
21.3,49.6,21.8,26.7,62.8,6.56,75.6,Black Gram
20.8,60.3,16.1,24.3,72.5,6.57,100.6,Soybean
28.9,53.6,21.6,24.0,37.0,6.35,48.4,Chickpea
21.8,54.9,17.3,28.2,64.2,6.06,50.6,Black Gram
19.4,37.3,23.4,22.3,66.7,6.21,80.5,Green Gram
118.4,51.0,56.9,23.2,58.8,6.47,53.9,Chili
28.1,44.8,19.5,27.7,55.0,6.37,90.0,Groundnut
93.3,46.0,18.0,20.3,58.9,5.87,77.1,Maize
134.2,54.7,84.6,22.6,60.0,5.19,44.6,Potato
60.5,19.3,10.1,30.0,32.1,7.38,30.7,Pearl Millet
26.7,58.3,17.5,25.8,50.5,6.74,60.3,Pigeon Pea
17.9,49.2,16.2,26.1,72.0,6.55,73.6,Black Gram
51.9,26.6,13.9,26.4,25.3,7.07,59.3,Pearl Millet
19.7,43.3,23.4,24.3,50.1,6.98,53.1,Green Gram
107.2,65.4,54.7,26.5,67.7,6.14,72.5,Tomato
100.1,67.7,52.4,23.7,57.0,6.67,64.3,Brinjal
21.2,43.3,23.6,17.5,54.6,6.61,43.8,Lentil
128.6,63.4,119.9,21.9,57.7,5.84,54.7,Potato
22.4,38.0,24.1,30.9,68.1,7.01,50.2,Black Gram
90.9,51.8,66.6,20.4,63.7,5.65,70.8,Brinjal
33.7,79.7,28.1,30.0,64.9,6.84,111.2,Soybean
38.9,50.3,25.7,30.1,55.3,6.05,50.1,Groundnut
47.0,27.4,18.1,21.8,57.6,5.58,62.9,Finger Millet
123.7,53.5,68.9,22.1,55.8,6.63,87.6,Brinjal
93.4,54.3,37.1,22.8,84.6,6.0,253.3,Rice
64.2,31.5,16.1,26.4,65.9,6.04,82.3,Finger Millet
37.9,46.0,18.5,27.3,64.3,6.11,63.5,Groundnut
95.2,66.8,53.9,24.3,58.2,6.21,89.6,Tomato
72.6,24.0,13.9,29.7,46.4,6.74,56.1,Pearl Millet
15.2,42.5,24.0,24.7,55.5,6.45,69.5,Green Gram
206.2,57.2,58.4,30.1,74.8,6.37,200.7,Sugarcane
27.0,79.7,21.4,26.8,61.1,6.84,102.4,Soybean
17.4,37.0,17.6,23.8,55.6,7.36,50.3,Black Gram
34.8,66.7,18.8,29.1,69.8,6.6,74.8,Soybean
111.7,43.1,45.0,26.6,49.6,7.44,87.4,Cotton
40.9,29.7,10.9,33.1,32.0,6.41,43.2,Pearl Millet
96.7,58.8,20.8,21.2,70.8,6.1,88.2,Maize
32.0,62.5,27.7,28.1,65.9,6.43,79.3,Soybean
24.6,48.9,21.0,26.6,62.3,6.53,75.5,Black Gram
19.9,46.9,21.0,29.9,63.8,6.79,104.5,Pigeon Pea
15.2,41.2,21.4,22.1,55.7,7.28,77.4,Black Gram
35.0,46.2,24.2,29.5,60.3,6.48,82.3,Groundnut
66.1,23.1,20.7,27.8,53.0,6.87,69.6,Sorghum
95.6,43.6,16.5,18.2,67.9,6.56,77.0,Maize
65.1,39.1,16.0,21.7,64.7,6.7,74.7,Sunflower
98.2,48.2,52.0,29.4,63.6,6.02,106.1,Cotton
40.3,26.1,18.3,26.9,64.2,5.55,90.6,Finger Millet
105.7,41.5,40.1,21.5,58.5,6.8,54.1,Chili
80.2,59.2,19.2,26.9,68.4,6.56,68.3,Maize
104.2,57.3,68.0,22.8,55.3,6.44,81.0,Tomato
52.8,39.3,15.7,18.5,44.5,6.47,56.1,Mustard
74.9,17.5,10.5,32.2,36.9,7.56,41.5,Pearl Millet
16.5,49.2,21.8,15.2,43.2,6.33,40.1,Lentil
134.7,69.9,111.2,20.5,51.6,6.09,68.3,Potato
22.6,74.1,29.9,28.2,65.9,6.24,80.9,Soybean
114.5,68.6,61.9,27.8,62.3,5.85,72.7,Brinjal
31.8,18.8,15.6,25.8,51.0,6.89,65.6,Sesame
85.1,38.8,37.8,28.4,73.6,5.85,284.5,Rice
92.9,49.3,39.7,22.3,52.5,7.48,105.8,Cotton
15.7,44.8,22.9,19.5,41.0,6.58,54.2,Chickpea
16.3,64.0,23.1,19.6,39.5,7.4,33.8,Chickpea
67.5,32.0,19.5,27.2,59.7,5.89,59.6,Finger Millet
23.3,42.3,16.0,28.7,50.2,6.71,52.7,Green Gram
110.0,69.3,48.2,27.0,68.8,6.26,85.1,Tomato
52.4,38.1,21.5,13.2,41.4,7.49,50.4,Mustard
16.3,51.3,21.1,31.5,56.8,6.16,65.3,Green Gram
87.9,54.1,22.0,24.6,62.2,6.52,55.7,Wheat
63.3,50.5,26.1,25.4,46.7,7.39,58.2,Sunflower
18.2,47.2,24.4,28.7,56.5,6.69,85.6,Black Gram
58.6,17.8,17.0,30.6,34.0,7.66,30.6,Pearl Millet
56.5,50.2,26.8,29.2,52.5,6.76,54.5,Sunflower
27.8,49.9,17.0,19.2,42.7,7.37,50.5,Chickpea
76.3,31.4,20.9,13.0,40.2,6.14,39.5,Mustard
30.4,20.4,10.2,30.6,37.5,5.62,61.4,Sesame
20.9,53.7,21.8,19.1,48.8,6.34,28.3,Lentil
18.2,49.9,24.7,19.4,52.2,6.57,24.7,Lentil
21.5,29.0,12.9,31.9,41.8,6.95,38.6,Sesame
130.9,56.4,84.3,17.5,58.0,6.12,42.9,Potato
69.4,34.8,21.9,22.4,65.0,5.19,89.0,Finger Millet
105.5,65.1,54.7,20.0,56.3,6.08,78.0,Tomato
15.6,44.7,23.3,22.7,42.0,6.57,41.3,Chickpea
20.5,45.9,15.5,26.0,55.4,7.5,57.3,Green Gram
112.7,56.5,35.1,27.1,78.3,5.72,168.0,Rice
77.0,33.6,18.7,34.4,34.2,6.75,74.5,Sorghum
20.4,48.1,18.9,21.5,35.9,6.05,33.7,Lentil
73.6,38.4,16.6,27.5,51.1,7.43,68.6,Sunflower
56.8,47.3,15.4,29.3,55.5,6.06,53.7,Sunflower
71.7,28.7,24.1,22.8,38.3,7.31,38.2,Mustard
119.5,53.2,65.7,27.7,60.6,5.52,55.9,Brinjal
24.4,53.4,26.4,27.4,55.9,6.47,54.7,Groundnut
31.6,77.5,20.0,29.9,62.1,6.05,112.8,Soybean
59.3,30.9,18.1,23.5,49.5,7.0,54.0,Mustard
37.5,39.5,27.0,27.7,56.6,6.16,58.4,Groundnut
84.3,48.7,46.8,21.3,56.5,7.68,96.1,Cotton
67.3,44.3,24.9,27.9,60.0,7.41,55.9,Sunflower
20.3,63.4,17.2,23.9,78.1,6.04,81.0,Soybean
26.7,43.3,21.0,15.3,45.0,6.23,27.3,Chickpea
208.4,49.3,77.6,26.8,83.5,6.31,210.5,Sugarcane
87.7,38.4,18.0,21.2,71.1,6.13,70.5,Maize
112.3,45.5,46.6,24.1,58.7,6.41,65.2,Chili
56.7,42.2,18.5,25.8,61.0,7.18,54.6,Sunflower
17.6,49.5,24.1,24.4,73.2,6.46,89.1,Black Gram
123.8,45.2,50.5,24.7,72.9,6.69,60.7,Tomato
19.6,54.0,24.4,29.8,62.0,6.68,59.2,Green Gram
26.9,51.2,28.2,25.5,66.8,6.12,60.7,Groundnut
99.5,46.4,21.9,19.3,64.7,5.83,85.3,Maize
15.6,56.1,17.6,15.5,39.6,7.2,54.1,Chickpea
23.5,44.3,21.3,26.4,63.1,6.92,70.0,Groundnut
79.3,24.6,17.2,34.8,34.4,7.48,43.0,Pearl Millet
16.4,38.5,23.6,25.9,50.1,6.41,68.9,Green Gram
17.7,48.8,22.9,25.1,55.7,7.4,63.8,Black Gram
103.4,47.6,47.2,22.2,87.4,6.43,234.8,Rice
22.6,52.2,21.3,28.1,45.9,5.94,74.0,Pigeon Pea
16.3,40.6,16.9,24.3,58.2,5.9,60.6,Pigeon Pea
16.2,40.5,17.1,19.6,53.2,6.1,41.6,Lentil
96.3,41.3,57.5,25.6,56.6,6.34,54.5,Chili
25.7,52.2,18.2,22.5,64.1,6.88,82.9,Pigeon Pea
24.8,41.7,21.0,15.9,47.1,6.09,48.8,Lentil
99.0,51.7,38.4,23.9,70.8,5.67,191.8,Rice
36.4,26.7,18.9,34.3,39.8,6.14,35.5,Sesame
41.9,29.4,16.8,31.3,31.8,6.6,58.3,Pearl Millet
18.5,62.2,15.1,17.0,54.2,6.92,30.5,Chickpea
91.7,57.4,35.3,22.9,74.2,5.53,177.2,Rice
122.6,55.1,99.6,18.2,55.6,6.01,71.1,Potato
16.6,43.7,19.0,27.8,61.7,7.12,65.4,Green Gram
59.5,33.0,23.9,29.2,47.4,5.98,87.0,Finger Millet
60.9,49.7,22.7,27.4,63.1,7.38,61.4,Sunflower
93.1,43.4,16.7,24.4,71.5,5.92,72.0,Maize
93.4,35.4,18.8,21.0,55.4,5.95,80.7,Maize
115.0,53.2,29.1,22.4,70.0,6.53,88.4,Wheat
16.9,37.3,20.9,25.3,50.3,6.85,106.4,Pigeon Pea
27.9,28.2,19.8,29.9,42.8,6.21,64.8,Sesame
73.1,37.2,15.4,22.7,50.4,7.23,68.4,Sunflower
88.2,55.4,20.5,26.7,56.0,6.41,95.9,Maize
77.9,33.0,17.8,26.6,45.9,6.9,49.0,Sorghum
26.8,51.8,16.2,26.9,53.8,6.92,67.1,Pigeon Pea
22.9,68.7,21.8,29.0,62.0,6.26,107.6,Soybean
20.7,38.5,28.8,27.7,51.6,6.96,93.9,Groundnut
24.6,44.5,24.6,23.3,64.2,6.85,73.5,Pigeon Pea
199.0,69.2,73.4,21.9,79.3,6.8,151.6,Sugarcane
119.1,46.8,38.3,22.8,62.8,7.82,90.4,Cotton
17.1,45.3,22.4,27.6,73.6,6.57,68.5,Black Gram
18.2,36.5,18.3,21.4,59.2,6.3,67.2,Pigeon Pea
23.5,50.1,21.1,25.6,54.2,7.16,64.5,Green Gram
84.9,57.3,40.6,29.8,54.0,6.11,68.8,Chili
83.7,54.7,22.2,20.4,51.3,6.87,78.1,Wheat
51.6,36.7,21.2,30.6,45.6,7.3,69.3,Sorghum
132.5,55.9,85.0,23.5,60.9,5.92,77.3,Potato
17.3,46.3,19.1,26.9,50.0,6.46,103.9,Pigeon Pea
71.9,26.1,16.5,26.6,38.7,6.34,41.3,Pearl Millet
19.4,49.5,23.9,28.7,54.1,7.4,55.6,Green Gram
30.3,36.6,20.3,28.8,61.1,6.4,71.5,Groundnut
34.3,50.9,20.8,31.3,69.4,6.17,61.2,Groundnut
52.7,30.4,22.7,23.1,50.6,6.95,45.4,Mustard
117.1,54.9,47.2,22.0,50.8,7.94,76.0,Cotton
27.2,24.6,19.2,26.5,46.3,6.65,61.5,Sesame
21.7,54.4,16.8,21.0,43.5,6.45,27.6,Lentil
93.9,43.7,49.8,26.5,74.5,5.95,171.1,Rice
18.9,46.0,19.8,23.9,42.6,7.12,23.9,Chickpea
23.7,39.8,15.8,28.3,56.7,7.01,46.3,Green Gram
94.5,48.4,15.4,12.3,66.6,6.41,75.9,Wheat
39.2,45.7,22.7,25.2,61.0,6.14,80.6,Groundnut
16.0,45.1,15.2,23.3,55.7,6.87,102.3,Pigeon Pea
170.7,66.8,45.6,27.0,79.6,6.93,226.1,Sugarcane
26.1,51.3,24.9,15.5,42.1,6.72,40.1,Chickpea
20.0,47.9,24.7,22.6,66.5,7.29,69.3,Black Gram
23.9,49.4,15.7,30.2,64.9,7.27,74.0,Black Gram
23.4,74.8,27.1,23.7,66.7,6.13,73.7,Soybean
98.2,46.7,51.0,27.7,63.5,6.29,66.4,Chili
98.7,55.3,17.5,24.9,54.6,7.41,82.5,Wheat
95.3,45.7,16.6,18.1,66.2,6.43,96.0,Maize
61.5,44.4,28.0,24.1,55.7,6.03,46.3,Sunflower
113.6,49.8,48.3,22.1,59.5,6.24,84.6,Tomato
29.4,74.9,26.7,24.8,71.5,6.83,104.4,Soybean
115.4,40.0,53.8,27.7,54.2,6.49,44.5,Chili
97.0,47.3,52.1,25.7,52.2,6.5,80.4,Cotton
23.2,48.6,20.0,21.3,54.9,5.75,66.3,Pigeon Pea
26.2,59.8,26.2,23.0,62.1,6.71,80.4,Soybean
83.0,27.9,16.6,32.4,39.0,7.01,53.5,Sorghum
108.3,56.4,50.9,26.8,61.2,6.36,68.4,Chili
114.5,47.9,57.8,23.0,56.2,6.61,80.4,Tomato
105.4,48.3,66.8,20.2,61.3,5.74,96.6,Brinjal
25.5,47.8,23.7,22.9,46.7,6.9,78.9,Pigeon Pea
22.1,71.8,23.9,24.4,60.3,6.08,89.6,Soybean
36.5,24.7,12.9,33.5,44.9,6.25,69.2,Sesame
23.8,39.0,24.5,25.4,58.8,7.06,68.5,Green Gram
56.3,21.9,18.8,21.0,60.6,5.8,88.9,Finger Millet
21.5,59.0,21.5,29.0,63.3,6.55,60.3,Groundnut
110.4,44.0,21.9,12.1,54.9,7.09,99.6,Wheat
54.3,29.8,16.8,34.5,28.6,6.81,46.6,Pearl Millet
21.6,41.2,20.4,18.4,44.5,6.92,54.8,Chickpea
116.3,46.2,19.1,21.9,59.0,7.17,53.3,Wheat
25.8,37.2,23.5,27.3,57.2,6.73,80.2,Pigeon Pea
83.1,40.6,48.5,29.1,45.7,7.62,88.1,Cotton
96.6,48.3,16.6,24.3,70.9,6.18,102.9,Maize
34.5,55.6,26.8,24.6,60.7,6.92,77.0,Soybean
28.0,29.5,16.1,32.3,41.9,6.5,44.0,Sesame
69.5,26.7,16.8,18.2,48.1,6.22,35.6,Mustard
16.5,36.8,20.6,23.1,52.8,6.45,56.3,Green Gram
99.7,35.3,44.4,22.6,72.4,5.62,247.4,Rice
86.8,55.0,44.7,26.2,47.9,6.65,80.5,Cotton
57.4,33.7,20.5,21.7,54.5,6.52,82.2,Finger Millet
79.4,49.2,21.3,27.0,65.0,7.07,70.5,Sunflower
95.8,41.9,45.1,29.6,56.2,6.33,49.5,Chili
60.4,40.2,24.5,16.8,51.6,6.29,54.2,Mustard
15.2,45.5,20.1,27.3,74.5,7.37,56.5,Black Gram
115.2,56.3,23.0,16.2,56.7,7.0,99.7,Wheat
68.8,25.4,16.0,26.7,33.7,7.46,78.0,Sorghum
38.9,20.4,11.4,28.3,35.6,5.53,48.8,Sesame
28.3,61.9,16.0,22.4,62.3,6.07,108.0,Soybean
122.8,48.1,69.4,29.9,73.7,6.14,62.3,Brinjal
22.4,50.3,24.1,26.1,69.1,7.3,56.9,Green Gram
20.8,43.8,21.7,17.8,46.7,6.88,37.8,Chickpea
65.5,33.0,19.1,27.6,48.6,5.02,51.0,Finger Millet
98.9,41.1,42.0,22.5,49.6,6.15,106.0,Cotton
93.7,42.8,22.9,26.0,63.7,6.89,78.9,Maize
21.9,42.9,18.7,26.6,53.5,6.95,59.6,Green Gram
24.7,28.6,15.0,31.6,43.3,6.45,48.5,Sesame
114.0,50.8,42.1,21.7,60.1,7.45,105.6,Cotton
28.2,41.9,22.1,24.2,40.4,6.56,42.8,Chickpea
21.8,40.0,18.1,20.4,57.7,5.87,75.2,Pigeon Pea
34.9,23.0,16.1,28.9,54.3,6.36,67.8,Sesame
56.5,26.3,23.8,22.0,65.7,6.0,52.7,Finger Millet
89.7,37.9,47.2,24.9,81.6,5.65,222.2,Rice
77.9,53.6,29.5,21.3,48.2,7.02,61.7,Sunflower
54.8,28.6,17.4,27.9,57.2,5.6,55.3,Finger Millet
25.0,48.5,24.4,24.1,39.2,6.06,49.7,Chickpea
117.4,61.3,55.4,19.0,73.2,6.51,60.3,Tomato
83.9,38.9,23.8,32.4,36.9,6.42,88.2,Sorghum
16.3,59.8,16.3,20.7,62.6,5.95,92.5,Pigeon Pea
73.1,30.8,19.1,18.8,37.7,6.04,34.6,Mustard
73.3,27.1,18.7,25.6,42.3,6.42,42.5,Pearl Millet
19.8,55.3,21.9,27.2,59.0,5.97,65.0,Pigeon Pea
88.0,44.2,16.6,20.3,64.1,6.05,96.8,Wheat
59.8,31.6,21.0,14.4,40.7,6.62,40.6,Mustard
15.2,52.8,17.3,31.3,69.3,7.14,58.1,Black Gram
31.2,69.1,21.7,24.5,70.0,6.34,107.9,Soybean
25.9,64.5,16.6,17.3,39.2,7.19,27.5,Chickpea
31.7,57.3,17.6,22.1,71.9,6.89,103.5,Soybean
85.0,54.9,47.8,28.9,60.7,6.22,79.1,Cotton
67.7,26.8,22.3,24.9,51.4,6.83,44.5,Mustard
180.3,67.6,65.2,27.2,70.2,6.91,207.6,Sugarcane
26.7,56.8,17.2,20.8,54.7,6.27,101.5,Pigeon Pea
29.8,20.7,17.2,33.8,35.1,6.9,52.9,Sesame
78.8,20.7,10.6,28.4,37.6,6.46,49.7,Pearl Millet
32.1,61.6,15.1,26.0,62.0,6.75,83.8,Soybean
96.1,52.0,24.4,23.4,69.7,7.15,70.9,Wheat
154.5,66.1,66.3,25.2,66.1,7.02,182.8,Sugarcane
107.8,51.2,88.9,19.9,68.1,6.37,42.2,Potato
21.1,48.8,17.8,26.8,50.9,7.23,84.6,Green Gram
65.7,41.7,15.0,23.1,50.6,6.59,45.3,Sunflower
59.3,26.4,12.8,28.2,48.1,6.29,44.6,Pearl Millet
18.4,41.7,15.4,28.0,67.1,6.57,74.6,Green Gram
63.6,31.3,24.4,23.0,51.9,6.77,53.7,Mustard
109.9,43.5,48.5,21.1,52.8,6.62,70.4,Chili
105.3,50.8,45.7,22.9,86.7,5.82,178.0,Rice
51.5,44.2,17.8,23.4,42.8,6.18,32.4,Mustard
95.8,59.0,25.4,14.0,66.3,6.34,61.2,Wheat
43.9,30.8,16.0,26.2,53.9,6.42,61.7,Finger Millet
70.7,27.3,21.6,15.6,35.6,6.62,43.0,Mustard
19.2,63.3,22.2,20.8,48.0,6.04,44.7,Chickpea
112.7,50.0,50.1,24.9,55.9,6.12,64.5,Cotton
21.3,57.8,24.9,21.1,49.7,6.93,107.9,Pigeon Pea
106.0,59.8,52.2,28.5,58.0,5.98,56.2,Brinjal
83.6,50.3,21.4,20.2,69.3,5.91,70.0,Maize
120.1,62.8,111.0,15.0,60.1,5.35,75.0,Potato
68.2,25.1,24.9,24.9,49.5,6.6,73.0,Finger Millet
25.3,63.7,17.7,23.1,36.1,6.81,22.8,Chickpea
105.1,55.9,104.4,21.1,63.9,6.09,66.1,Potato
30.0,24.1,13.0,27.0,45.9,6.16,48.7,Sesame
85.7,52.4,20.1,20.7,59.3,5.84,75.2,Maize
18.3,46.9,23.7,22.5,62.7,6.24,77.8,Black Gram
87.3,22.4,24.3,31.8,43.3,6.05,63.8,Sorghum
70.8,50.1,17.3,24.0,54.7,6.53,52.9,Sunflower
65.5,47.2,25.9,20.3,56.4,7.33,40.7,Sunflower
88.4,42.9,19.7,25.4,64.2,6.23,84.7,Maize
99.5,40.8,15.9,23.8,52.8,6.8,70.6,Wheat
76.7,28.3,16.3,33.1,26.7,6.74,39.4,Pearl Millet
65.7,43.7,19.5,24.7,68.0,6.55,77.6,Maize
184.4,55.5,55.2,29.9,74.6,6.98,168.9,Sugarcane
94.9,47.6,67.4,23.9,73.7,6.35,73.9,Tomato
76.4,25.8,15.8,33.0,46.6,6.93,44.3,Pearl Millet
60.5,51.1,28.8,29.0,63.4,7.36,61.1,Sunflower
65.7,35.8,20.2,12.1,35.0,6.15,33.0,Mustard
181.7,64.4,59.9,22.7,84.5,6.36,221.8,Sugarcane
16.0,53.6,18.7,22.8,57.7,6.9,65.5,Green Gram
23.1,51.5,24.5,21.7,36.3,6.7,29.6,Chickpea
87.1,37.2,37.4,26.6,74.1,5.86,225.5,Rice
191.9,49.3,48.6,28.5,80.6,6.75,186.4,Sugarcane
15.5,54.0,21.4,30.8,63.5,6.54,65.5,Green Gram
117.3,69.5,49.4,21.3,65.8,6.17,41.1,Tomato
27.4,47.6,19.0,18.2,44.3,6.43,58.5,Chickpea
108.5,54.0,46.2,29.7,79.9,6.02,214.1,Rice
51.3,33.8,20.4,22.7,62.6,6.19,99.5,Finger Millet
60.3,32.9,24.6,26.3,49.6,5.19,90.6,Finger Millet
100.8,58.6,69.3,21.2,58.2,6.51,59.4,Tomato
64.9,33.2,16.4,30.7,34.6,6.42,50.9,Sorghum
102.5,49.0,67.4,24.0,71.5,6.55,51.0,Tomato
83.3,45.9,20.8,22.7,70.2,6.14,77.7,Maize
130.0,52.1,96.8,18.5,67.0,6.16,63.6,Potato
25.3,48.0,23.3,24.2,48.9,5.93,85.3,Pigeon Pea
15.8,51.2,22.2,29.3,57.0,7.08,77.2,Black Gram
90.9,50.5,47.7,27.9,57.2,6.44,69.3,Brinjal
86.7,41.7,36.3,28.2,57.4,6.63,68.2,Cotton
31.9,19.4,17.2,33.1,40.2,5.95,58.1,Sesame
32.3,58.1,27.7,25.3,65.1,6.87,91.6,Soybean
22.3,64.4,24.4,26.4,64.6,6.34,100.7,Soybean
95.6,42.2,18.7,18.5,57.2,6.42,73.4,Maize
20.5,37.3,25.3,27.4,67.3,6.69,50.4,Groundnut
97.3,40.7,40.1,25.5,61.2,7.49,89.5,Cotton
21.5,44.9,21.2,27.4,64.8,7.06,66.4,Green Gram
120.2,62.2,48.3,25.0,70.6,5.78,93.6,Brinjal
72.7,41.6,23.8,19.9,52.2,6.02,33.2,Mustard
52.3,42.9,25.0,24.7,52.7,6.18,49.8,Sunflower
71.2,40.2,20.2,24.0,51.5,7.27,50.2,Mustard
16.1,44.8,22.7,24.2,60.4,6.36,89.7,Black Gram
54.2,27.1,19.1,31.8,46.5,6.11,59.8,Sorghum
110.6,53.5,48.2,28.4,58.7,7.07,71.8,Cotton
89.1,45.3,24.2,17.3,66.8,7.35,67.7,Wheat
116.6,53.1,113.9,23.1,59.0,5.01,71.7,Potato
23.8,45.6,20.2,20.8,50.0,6.96,22.2,Lentil
93.6,56.1,67.2,24.7,72.0,5.93,67.0,Brinjal
83.5,39.9,35.9,25.3,77.8,5.77,274.3,Rice
103.7,63.4,81.7,16.7,63.3,5.15,78.9,Potato
60.7,59.1,22.3,20.7,71.6,6.14,103.6,Maize
28.1,55.0,24.4,21.0,50.3,6.24,102.3,Pigeon Pea
94.5,39.5,23.0,23.0,62.9,5.96,103.3,Maize
109.7,59.6,107.5,16.3,57.2,6.36,62.7,Potato
115.1,44.8,51.3,26.4,77.5,5.96,195.2,Rice
31.9,74.0,28.7,22.1,76.2,6.94,109.5,Soybean
94.4,37.3,53.3,23.4,89.0,5.95,177.8,Rice
119.9,47.6,46.9,22.7,85.0,5.71,284.7,Rice
215.8,58.7,72.6,28.2,75.3,6.13,214.3,Sugarcane
100.9,43.2,47.7,25.9,64.5,6.64,75.7,Chili
19.4,36.3,23.3,16.3,53.1,6.86,33.9,Lentil
74.2,40.2,27.0,22.7,45.7,6.78,47.9,Sunflower
93.6,57.3,67.5,28.8,55.9,5.89,72.2,Brinjal
24.4,63.1,21.6,24.5,79.7,6.81,78.2,Soybean
109.5,58.4,53.5,26.5,72.3,6.48,275.8,Rice
29.4,63.9,27.7,25.6,74.5,6.1,89.8,Soybean
15.9,54.4,15.4,29.5,60.5,6.55,47.6,Green Gram
29.8,16.4,11.6,28.8,38.1,6.95,68.1,Sesame
112.7,54.5,49.8,28.6,52.4,6.91,82.3,Chili
129.9,67.4,83.1,23.4,57.9,6.38,43.0,Potato
64.1,42.5,19.4,15.7,52.9,7.29,34.9,Mustard
101.4,51.5,49.1,22.2,61.3,7.36,104.5,Cotton
56.6,21.3,17.9,27.0,45.5,7.24,42.6,Pearl Millet
30.1,64.7,22.3,29.9,64.3,6.42,84.6,Soybean
118.0,53.1,36.4,27.1,58.7,7.81,78.6,Cotton
63.9,54.6,25.2,24.1,45.5,6.85,43.8,Sunflower
62.9,33.3,20.6,28.4,33.4,6.14,81.6,Sorghum
55.1,32.0,22.7,12.4,48.5,7.22,58.0,Mustard
89.5,35.1,38.8,21.0,59.4,6.85,75.6,Cotton
44.6,25.5,18.7,21.5,65.0,6.27,59.5,Finger Millet
66.2,27.9,20.5,20.4,42.8,6.75,56.3,Mustard
134.4,50.0,80.1,22.8,56.5,5.62,57.9,Potato
200.8,62.3,73.8,28.1,73.0,6.71,221.7,Sugarcane
94.9,45.7,16.1,19.8,63.4,6.93,73.2,Wheat
50.4,29.3,20.4,21.3,52.2,5.43,60.7,Finger Millet
24.3,23.3,16.0,35.0,39.0,6.28,47.1,Sesame
16.2,48.0,20.7,27.5,55.6,6.7,87.0,Black Gram
32.7,26.2,19.3,31.5,54.4,6.02,47.2,Sesame
48.0,24.7,16.3,26.6,46.0,6.08,93.5,Finger Millet
120.0,45.9,65.0,19.4,59.4,6.58,53.2,Tomato
30.2,78.5,25.0,29.0,76.5,6.36,100.0,Soybean
24.0,27.2,11.6,27.1,42.3,6.82,39.6,Sesame
95.7,36.9,44.5,24.8,53.9,6.09,78.1,Cotton
127.7,65.4,62.1,28.4,67.0,5.67,69.6,Brinjal
23.4,45.5,17.1,27.2,61.1,7.11,53.8,Green Gram
28.9,56.2,24.2,26.3,58.4,6.71,98.7,Groundnut
101.1,56.2,55.7,29.6,58.5,5.62,94.0,Brinjal
19.4,49.0,18.0,21.7,53.1,5.85,86.7,Pigeon Pea
115.1,64.9,20.5,17.8,64.4,7.33,79.7,Wheat
83.1,59.4,54.7,29.0,80.7,5.81,272.1,Rice
70.5,23.9,11.9,31.7,40.6,7.16,44.7,Pearl Millet
17.1,41.3,16.8,24.0,42.9,6.25,33.5,Lentil
88.3,36.6,16.5,18.1,67.6,6.34,66.7,Maize
59.3,32.5,22.5,27.2,31.5,6.2,70.3,Sorghum
23.9,59.3,20.4,28.8,62.2,6.56,95.7,Groundnut
57.3,35.4,27.1,24.9,51.1,6.15,42.5,Sunflower
51.0,48.1,24.2,27.1,58.2,6.17,51.6,Sunflower
61.5,36.1,25.0,25.3,52.4,6.93,88.7,Sorghum
74.6,35.2,15.1,27.6,60.2,7.18,77.2,Sunflower
124.4,60.3,109.5,18.0,64.0,6.37,40.4,Potato
135.0,68.5,104.7,22.9,52.6,6.2,44.8,Potato
93.2,41.5,59.9,28.7,59.3,6.67,73.6,Chili
35.1,55.1,23.3,27.9,52.3,6.08,67.0,Groundnut
20.2,51.4,22.1,25.9,52.1,6.37,77.1,Pigeon Pea
71.9,29.3,15.8,15.6,40.0,6.35,35.8,Mustard
123.8,69.6,62.3,23.8,60.6,6.36,99.0,Brinjal
81.2,47.7,25.6,14.6,63.5,7.45,54.7,Wheat
60.6,16.5,10.2,34.6,34.4,7.17,32.4,Pearl Millet
20.8,51.8,23.1,27.6,62.7,6.83,71.4,Groundnut
80.9,24.7,21.8,30.7,53.2,6.58,43.3,Sorghum
173.1,66.9,48.8,21.4,69.2,6.43,161.3,Sugarcane
132.8,67.6,83.9,15.9,65.9,5.38,42.3,Potato
66.0,26.5,24.7,24.5,48.6,5.7,97.6,Finger Millet
88.1,42.5,16.1,25.0,67.9,5.86,78.0,Maize
23.9,52.2,15.8,23.1,59.9,6.91,56.0,Green Gram
65.7,37.0,20.7,20.5,41.2,6.19,52.8,Mustard
114.2,62.3,54.7,20.3,73.6,6.73,97.5,Brinjal
32.6,56.3,20.9,25.0,65.7,6.91,107.5,Soybean
65.0,35.4,22.7,25.3,57.4,6.12,60.9,Maize
110.9,43.3,29.5,17.9,54.7,6.11,58.5,Wheat
103.6,64.4,102.5,21.0,56.6,5.61,49.2,Potato
18.3,35.8,20.0,20.4,38.4,6.76,49.5,Lentil
60.9,24.4,21.6,31.3,44.8,6.02,76.4,Sorghum
64.0,21.9,19.9,34.2,31.0,6.44,50.4,Sorghum
74.0,40.3,18.2,27.8,58.7,7.02,62.1,Sunflower
70.0,44.4,26.7,26.4,46.2,6.14,41.5,Sunflower
85.0,49.3,23.3,26.2,55.2,6.61,62.6,Maize
18.9,35.0,16.2,20.3,48.5,6.42,41.9,Lentil
22.6,48.8,18.2,27.5,52.9,6.68,80.2,Green Gram
107.3,52.4,24.3,23.3,61.4,6.05,96.5,Wheat
73.9,38.6,24.3,28.4,43.2,6.32,89.8,Sorghum
85.3,45.1,40.8,20.7,54.9,6.02,52.3,Chili
120.0,52.0,50.5,27.3,66.4,6.1,49.7,Tomato
137.8,58.4,80.3,15.1,60.9,5.65,58.0,Potato
58.8,21.1,16.1,20.5,51.4,5.24,63.0,Finger Millet
112.9,49.8,61.9,25.1,74.7,6.54,53.6,Tomato
22.1,39.3,15.4,17.0,38.6,6.34,32.6,Lentil
23.4,47.4,21.4,15.3,51.6,6.79,27.8,Lentil
106.7,41.2,50.6,20.4,50.6,6.61,55.2,Chili
53.7,43.4,17.9,24.2,52.7,7.11,71.0,Sunflower
22.7,73.1,27.2,27.4,72.1,6.56,113.0,Soybean
100.6,46.7,49.8,28.5,60.0,6.29,91.1,Cotton
20.6,40.7,24.4,29.6,69.5,6.06,56.4,Green Gram
17.9,45.3,17.6,24.1,67.0,6.13,52.3,Black Gram
15.9,48.9,16.7,29.9,60.0,6.63,64.0,Black Gram
119.2,47.3,41.6,28.3,74.8,5.58,169.3,Rice
164.8,49.3,47.4,28.4,74.3,7.25,159.9,Sugarcane
115.9,59.3,48.3,29.7,61.6,6.54,81.4,Cotton
118.5,41.3,44.9,25.0,75.7,5.54,241.4,Rice
31.1,55.6,22.6,31.3,62.6,6.84,57.4,Groundnut
34.0,40.7,15.1,26.7,69.4,6.69,70.1,Groundnut
27.4,43.0,24.3,25.3,66.9,6.81,73.8,Groundnut
15.1,52.8,17.4,29.3,71.2,7.29,89.7,Black Gram
123.0,58.7,61.7,24.9,69.0,5.54,88.1,Brinjal
19.3,38.8,24.0,24.0,50.5,6.03,69.9,Green Gram
131.4,55.8,88.1,20.9,64.7,5.19,51.1,Potato
110.7,47.4,63.6,21.1,63.1,6.55,73.4,Brinjal
111.3,41.6,42.8,25.7,62.1,6.69,59.7,Chili
15.8,40.3,23.0,19.8,37.6,6.35,57.3,Chickpea
108.7,57.9,58.7,26.2,51.1,6.74,45.5,Chili
46.3,21.7,24.7,20.2,65.1,6.42,64.9,Finger Millet
22.5,41.2,18.1,23.4,36.4,6.88,27.7,Lentil
104.3,52.8,18.5,14.3,54.4,6.28,89.0,Wheat
166.8,59.4,64.6,29.5,80.2,7.01,194.9,Sugarcane
67.6,29.8,15.9,29.5,51.5,5.61,70.1,Finger Millet
124.3,60.4,111.6,23.5,57.5,5.87,43.5,Potato
40.0,39.5,16.8,25.1,63.2,6.66,92.4,Groundnut
20.3,41.4,15.8,31.0,66.1,6.21,76.1,Green Gram
115.8,68.4,47.7,19.0,72.1,6.51,78.3,Tomato
38.7,39.9,26.5,24.2,57.5,6.11,67.6,Groundnut
118.8,58.7,51.7,28.0,66.8,6.68,74.1,Tomato
26.0,16.0,12.5,27.0,45.8,6.4,56.3,Sesame
25.5,46.9,22.1,27.1,66.4,6.45,80.2,Groundnut
16.4,45.3,17.4,23.8,56.3,7.14,67.1,Black Gram
19.3,41.6,15.9,27.6,59.6,6.16,69.5,Green Gram
60.8,42.2,19.2,23.9,45.0,6.6,52.5,Mustard
114.9,50.8,68.0,25.7,73.4,5.56,67.1,Brinjal
84.4,35.0,19.4,31.1,34.0,7.01,49.0,Sorghum
82.2,41.6,45.3,25.3,57.1,6.96,106.7,Cotton
84.5,51.8,45.4,29.7,80.4,6.35,232.8,Rice
120.0,52.7,101.3,19.6,50.4,5.42,42.1,Potato
23.1,45.7,17.8,15.6,38.2,6.9,40.6,Lentil
24.8,60.6,19.2,15.7,40.5,7.47,43.9,Chickpea
31.3,19.3,13.8,33.2,38.6,5.62,46.5,Sesame
98.3,51.1,37.1,29.1,56.4,7.56,99.7,Cotton
103.4,58.3,56.3,20.4,60.2,5.78,93.4,Brinjal
78.9,57.0,17.2,24.1,67.2,6.15,66.8,Maize
25.5,50.3,16.4,21.7,45.5,6.96,33.5,Chickpea
62.4,26.5,19.1,12.5,51.7,6.31,39.8,Mustard
75.3,50.3,20.7,24.8,48.7,6.44,71.1,Sunflower
43.5,26.7,18.5,26.8,35.8,6.46,51.2,Pearl Millet
95.3,48.5,46.1,25.4,70.9,6.29,78.7,Brinjal
76.4,17.9,18.2,30.4,26.9,7.73,37.4,Pearl Millet
106.5,54.3,58.4,22.5,72.8,6.7,84.9,Tomato
23.2,36.0,18.2,25.8,64.0,6.79,71.4,Pigeon Pea
95.6,37.0,22.3,19.7,72.2,6.78,87.0,Maize
106.3,65.0,15.7,24.7,58.1,7.31,89.1,Wheat
72.9,33.6,23.6,14.0,40.6,6.14,36.3,Mustard
112.3,54.3,39.5,26.5,49.9,7.98,107.6,Cotton
109.4,65.2,94.1,23.1,65.7,5.11,56.3,Potato
125.4,55.0,65.8,26.7,58.5,6.69,62.3,Brinjal
44.7,23.7,23.4,22.1,46.8,6.27,70.1,Finger Millet
72.6,44.4,22.9,24.5,49.1,6.12,42.1,Mustard
22.6,64.7,19.7,15.6,40.2,6.65,26.3,Chickpea
212.3,60.6,79.7,30.0,65.9,6.48,207.2,Sugarcane
74.4,41.3,21.4,18.0,52.3,7.39,30.7,Mustard
107.2,41.8,15.5,15.3,59.3,7.3,86.4,Wheat
76.4,40.6,16.9,21.0,47.1,6.28,38.2,Mustard
76.5,35.4,26.4,23.6,59.8,6.6,42.8,Sunflower
16.9,40.4,15.6,25.7,57.4,6.26,100.9,Pigeon Pea
67.3,20.6,17.6,25.3,52.0,6.37,67.9,Sorghum
28.3,48.2,18.1,20.1,53.8,6.07,34.1,Chickpea
125.8,55.6,64.7,22.4,74.0,6.25,88.0,Brinjal
83.1,41.5,20.0,22.2,64.2,7.18,75.9,Wheat
20.7,62.8,21.2,19.1,53.7,6.07,28.4,Chickpea
32.3,62.5,17.2,23.8,69.4,6.42,84.4,Soybean
27.7,48.1,21.9,28.8,54.9,5.97,97.7,Pigeon Pea
70.9,36.9,16.2,24.5,37.5,6.38,54.4,Mustard
65.8,30.6,16.6,30.7,50.1,7.14,47.7,Sorghum
21.2,39.6,15.0,29.6,74.7,7.21,68.4,Black Gram
22.1,51.2,15.1,23.2,42.2,6.81,47.1,Chickpea
21.1,65.0,23.7,28.8,79.5,6.44,73.0,Soybean
94.5,55.4,64.8,24.4,63.6,6.22,79.1,Brinjal
68.6,20.3,15.8,27.6,30.7,6.95,61.3,Sorghum
132.7,69.6,117.5,18.2,58.0,6.12,45.4,Potato
32.3,37.3,26.7,31.9,60.6,6.68,61.9,Groundnut
123.0,47.2,115.6,23.7,54.0,6.06,73.7,Potato
20.7,46.9,15.4,29.7,59.3,5.98,75.9,Pigeon Pea
22.3,62.0,20.3,24.3,44.7,6.74,24.8,Chickpea
57.4,28.8,13.5,25.5,30.1,6.87,36.6,Pearl Millet
56.7,37.3,21.3,21.5,47.4,7.45,35.9,Mustard
40.4,28.5,24.3,26.7,65.6,5.02,77.1,Finger Millet
93.5,55.1,23.2,26.4,65.9,6.04,90.8,Maize
32.9,73.8,23.3,24.9,67.3,6.88,72.0,Soybean
52.5,33.6,23.3,18.2,51.6,7.09,36.3,Mustard
50.3,31.3,16.7,19.7,40.1,6.39,44.7,Mustard
116.9,59.9,47.0,21.3,46.6,6.96,80.3,Cotton
89.4,49.2,53.7,27.4,65.6,6.37,78.2,Chili
194.1,54.0,48.7,24.6,68.4,7.41,182.0,Sugarcane
63.4,31.9,19.5,21.7,53.0,6.07,45.7,Mustard
24.2,77.3,23.2,25.3,61.5,6.71,105.1,Soybean
121.1,64.7,45.9,29.1,73.4,6.23,74.1,Brinjal
94.4,51.7,69.0,20.7,60.9,6.2,46.5,Tomato
19.3,39.4,22.4,22.5,54.1,6.08,109.1,Pigeon Pea
106.0,53.6,15.9,18.7,66.1,6.69,52.6,Wheat
20.2,39.6,16.2,25.6,55.1,6.76,83.7,Green Gram
86.7,28.1,16.4,32.1,37.3,6.79,74.9,Sorghum
26.0,49.3,15.7,21.2,56.9,5.91,64.0,Pigeon Pea
24.7,66.2,27.1,23.3,65.9,6.68,85.8,Soybean
137.6,69.8,101.1,17.6,65.8,5.24,50.1,Potato
84.9,46.8,47.5,28.6,49.6,7.63,71.7,Cotton
62.8,49.0,21.5,24.2,60.2,6.26,53.5,Sunflower
34.1,20.0,11.5,26.4,38.4,5.57,66.6,Sesame
24.1,70.4,29.7,22.9,64.2,6.47,118.4,Soybean
111.2,40.9,50.1,28.8,62.6,7.57,80.4,Cotton
19.3,40.6,23.7,28.0,67.3,6.8,53.7,Black Gram
61.0,56.0,15.1,24.3,74.4,6.33,71.7,Maize
80.2,31.6,24.0,33.2,48.9,6.08,40.3,Sorghum
20.9,36.8,19.3,16.7,54.7,6.56,40.6,Lentil
104.4,45.5,35.4,29.9,52.3,7.56,76.3,Cotton
129.7,46.1,50.9,22.0,64.0,6.92,68.0,Tomato
22.9,67.1,26.8,25.9,66.7,6.08,97.5,Soybean
97.0,35.6,40.4,27.4,82.7,5.76,170.9,Rice
81.4,57.7,40.2,28.6,76.2,6.02,232.0,Rice
122.3,59.6,60.2,22.0,61.9,6.6,54.4,Brinjal
80.4,44.2,24.3,25.4,68.9,6.66,83.1,Maize
26.8,75.0,26.6,29.4,70.7,6.1,99.4,Soybean
115.0,60.6,48.7,25.4,62.7,6.08,76.2,Brinjal
73.0,36.4,28.8,20.5,54.6,7.08,55.7,Sunflower
53.5,39.6,28.6,21.8,58.6,6.8,43.3,Sunflower
33.3,76.2,18.2,27.0,61.5,6.84,78.7,Soybean
22.2,49.9,15.5,24.2,60.5,6.82,55.8,Black Gram
77.1,28.6,22.3,33.2,33.7,7.25,67.0,Sorghum
25.3,16.8,10.2,26.1,40.9,6.33,37.2,Sesame
36.2,55.7,23.5,26.4,54.4,6.33,81.4,Groundnut
113.6,46.2,114.6,16.5,68.6,5.72,53.6,Potato
102.6,69.1,62.2,23.9,69.0,5.52,57.3,Brinjal
50.3,39.3,27.4,26.7,62.9,6.09,63.9,Sunflower
53.3,24.2,22.5,25.5,42.3,6.66,56.7,Sorghum
84.8,40.0,19.0,18.4,64.5,6.45,71.4,Maize
89.7,41.7,42.5,22.2,76.4,5.71,199.1,Rice
21.5,24.0,15.3,30.2,52.5,5.81,36.4,Sesame
115.3,54.6,53.9,18.0,71.1,6.89,88.5,Tomato
23.7,42.9,18.4,17.1,42.6,6.32,40.3,Lentil
33.1,55.9,20.6,31.0,54.3,6.33,57.5,Groundnut
22.7,39.1,24.8,21.1,63.6,6.87,86.3,Pigeon Pea
62.7,27.9,23.3,16.5,43.0,7.34,44.9,Mustard
31.7,73.1,15.9,26.7,62.6,6.97,110.6,Soybean
34.9,56.4,19.7,27.1,57.1,6.83,52.2,Groundnut
24.0,48.8,24.9,29.7,68.8,6.32,75.9,Green Gram
38.3,44.9,17.7,26.3,59.1,6.29,61.7,Groundnut
73.0,18.1,14.7,33.0,29.5,6.38,56.5,Pearl Millet
120.8,60.9,50.9,26.7,69.6,6.74,89.8,Tomato
75.4,43.5,20.4,19.4,66.1,6.45,98.1,Maize
58.0,29.2,24.4,12.3,54.3,6.22,54.6,Mustard
196.7,61.2,76.5,30.1,83.8,7.3,236.9,Sugarcane
153.2,54.6,57.0,30.0,84.3,6.69,232.5,Sugarcane
31.6,15.8,12.6,31.4,52.2,6.88,52.5,Sesame
15.4,52.6,18.1,16.3,44.4,6.6,20.9,Lentil
66.7,40.8,27.4,26.7,64.4,6.38,59.4,Sunflower
25.7,49.8,19.5,24.4,50.1,6.1,89.6,Groundnut
117.8,40.1,55.9,23.5,51.3,6.3,56.1,Chili
92.3,49.3,57.3,27.8,57.9,6.85,42.3,Chili
33.8,66.7,19.1,23.1,60.1,6.53,75.4,Soybean
28.1,36.9,17.5,27.0,53.2,6.81,74.9,Pigeon Pea
110.6,51.5,45.2,29.1,50.4,6.37,76.4,Chili
60.4,23.2,16.6,25.7,34.6,7.0,84.1,Sorghum
21.2,58.8,21.9,24.9,40.6,6.75,33.2,Chickpea
56.6,51.0,18.2,22.7,49.7,6.77,52.9,Sunflower
22.2,50.8,22.0,20.9,44.0,6.86,48.7,Lentil
21.7,49.3,20.3,20.4,57.3,6.74,67.9,Pigeon Pea
53.0,51.1,17.0,26.0,51.9,6.34,65.6,Sunflower
83.9,50.4,54.8,23.4,80.4,6.38,261.1,Rice
27.9,57.7,19.8,20.2,54.5,7.45,28.6,Chickpea
116.2,48.1,44.6,22.3,63.2,6.5,72.9,Chili
18.1,48.0,19.7,24.4,53.6,6.31,34.3,Chickpea
15.8,47.9,20.0,21.5,47.1,5.69,65.1,Pigeon Pea
168.3,48.1,52.8,22.2,84.1,6.42,194.4,Sugarcane
19.5,55.0,23.4,30.9,71.5,6.15,59.1,Black Gram
27.3,49.7,17.5,22.0,51.8,6.21,74.8,Pigeon Pea
64.8,41.5,19.1,24.8,50.4,7.45,45.4,Mustard
116.5,47.8,45.0,30.0,83.0,6.2,269.4,Rice
16.6,38.9,24.7,23.5,60.4,6.89,74.4,Black Gram
50.5,44.6,27.9,29.0,64.1,7.32,63.2,Sunflower
117.3,42.6,29.1,20.9,51.4,6.45,85.4,Wheat
21.2,35.1,16.9,23.0,62.3,6.75,51.7,Black Gram
49.0,24.2,10.4,28.3,36.7,6.44,59.5,Pearl Millet
90.7,63.7,61.0,20.6,74.3,5.53,79.5,Brinjal
108.8,63.8,54.0,22.4,73.6,6.57,81.9,Brinjal
22.2,70.9,29.2,30.0,67.5,6.6,112.8,Soybean
17.2,55.0,16.7,29.7,54.5,6.12,80.0,Green Gram
50.5,54.9,23.2,24.7,64.1,6.23,47.6,Sunflower
79.7,18.6,18.7,33.3,30.6,6.84,42.3,Pearl Millet
92.2,48.0,56.7,23.9,50.2,6.35,64.9,Chili
96.6,55.4,64.7,24.1,68.9,6.16,62.1,Brinjal
21.0,42.8,20.6,27.8,53.3,6.6,58.7,Green Gram
20.2,52.8,18.6,28.3,54.1,6.58,65.4,Pigeon Pea
87.2,59.0,41.2,29.8,67.2,6.66,76.7,Chili
20.6,40.1,17.6,22.4,61.1,7.12,51.9,Black Gram
72.2,35.6,15.2,33.2,31.0,7.33,89.6,Sorghum
68.8,35.9,16.1,21.0,71.1,6.49,85.6,Maize
50.8,44.3,15.9,21.9,56.2,7.3,75.3,Sunflower
62.7,29.1,16.7,28.0,63.0,5.16,73.2,Finger Millet
21.9,36.9,24.2,20.7,42.3,6.76,27.7,Lentil
64.0,23.6,15.7,23.2,51.7,5.91,88.9,Finger Millet
26.9,54.4,18.9,26.6,52.2,6.94,64.6,Groundnut
101.5,54.8,23.7,13.2,67.5,6.4,56.5,Wheat
20.7,39.7,26.2,26.6,63.4,6.72,79.1,Groundnut
60.5,39.1,20.4,18.1,45.2,6.95,49.8,Mustard
122.2,58.3,47.6,28.0,74.1,5.58,69.6,Brinjal
115.5,43.8,37.3,23.4,85.2,6.12,165.2,Rice
66.4,34.5,18.4,23.4,45.2,6.22,91.3,Finger Millet
33.9,25.6,16.8,28.9,42.9,5.88,40.5,Sesame
134.0,59.7,86.4,15.1,64.0,5.83,66.0,Potato
51.7,44.6,22.9,18.4,36.7,6.89,52.8,Mustard
24.4,48.9,24.4,27.5,62.0,7.47,70.7,Green Gram
33.3,69.1,18.8,29.6,69.7,6.33,79.1,Soybean
21.5,46.9,23.9,15.4,53.3,7.25,31.9,Chickpea
92.6,46.1,55.2,25.2,59.1,6.65,74.4,Tomato
22.8,46.9,21.4,29.6,52.4,7.25,73.2,Green Gram
128.8,68.0,54.5,25.2,64.3,6.65,84.4,Brinjal
118.2,56.3,40.9,21.1,50.9,6.56,104.5,Cotton
16.1,42.9,18.4,20.7,52.2,6.08,22.2,Lentil
80.7,37.4,48.7,22.7,76.4,6.34,153.5,Rice
107.0,65.4,91.1,23.3,64.2,6.18,43.4,Potato
219.2,55.8,65.8,29.5,79.7,7.45,161.5,Sugarcane
21.5,75.0,28.7,28.1,76.4,6.22,83.2,Soybean
106.5,44.6,17.6,13.3,63.2,7.15,63.3,Wheat
55.2,25.1,18.6,31.7,31.6,6.32,80.5,Sorghum
69.2,27.7,17.9,24.7,66.4,5.55,59.6,Finger Millet
56.2,46.0,16.7,22.9,49.2,6.59,44.4,Sunflower
117.1,41.5,29.0,16.6,52.0,6.73,62.8,Wheat
48.0,33.7,21.3,27.2,51.4,6.29,51.4,Finger Millet
52.9,30.7,23.7,12.9,52.5,6.79,42.2,Mustard
116.0,64.1,100.0,21.5,60.1,5.89,70.4,Potato
115.8,38.5,52.0,29.5,52.2,7.04,99.0,Cotton
22.4,37.8,24.7,30.2,59.1,6.28,55.0,Black Gram
91.5,48.8,48.1,22.0,74.9,6.17,47.3,Tomato
27.9,50.4,15.1,27.0,53.4,6.35,92.5,Pigeon Pea
118.5,51.9,45.0,26.7,71.4,6.12,58.7,Tomato
130.8,67.9,114.0,22.2,69.7,6.05,70.0,Potato
15.9,48.3,17.8,28.4,62.2,6.23,53.3,Green Gram
22.8,27.3,18.9,27.3,37.3,5.58,56.3,Sesame
23.5,46.1,22.2,31.0,68.0,6.49,83.1,Green Gram
58.3,32.0,17.2,19.6,42.0,6.99,30.5,Mustard
53.7,25.9,23.7,22.4,69.2,6.72,62.4,Finger Millet
105.0,43.7,51.3,21.3,50.4,6.63,72.4,Chili
83.8,54.8,56.0,27.3,54.0,6.69,40.5,Chili
23.0,46.8,16.0,20.5,49.1,6.79,38.9,Lentil
114.8,61.1,54.4,22.1,69.4,6.55,56.9,Brinjal
24.9,39.2,15.1,25.0,40.6,6.67,25.3,Lentil
22.4,22.4,12.8,30.7,44.0,6.15,38.9,Sesame
106.0,55.0,55.1,19.0,74.5,6.14,57.0,Tomato
20.0,42.3,20.4,20.2,46.6,6.13,107.1,Pigeon Pea
36.9,20.4,12.6,33.6,42.5,5.53,48.7,Sesame
125.4,50.4,93.4,22.6,57.7,5.8,66.0,Potato
49.8,25.2,21.0,22.7,45.7,6.32,81.3,Finger Millet
66.4,28.6,18.5,24.1,37.9,6.95,47.8,Mustard
22.5,48.6,17.0,26.9,70.8,6.71,71.5,Black Gram
53.9,34.1,17.7,16.6,36.9,6.64,59.5,Mustard
62.2,49.6,29.5,28.1,63.8,6.21,42.8,Sunflower
28.5,23.1,13.7,32.9,35.8,6.15,48.4,Sesame
20.7,30.0,11.0,31.8,40.1,6.09,57.6,Sesame
22.0,47.9,18.7,24.5,35.4,6.3,47.6,Lentil
16.7,54.3,23.6,19.8,54.9,7.02,23.0,Chickpea
106.3,67.9,115.1,18.4,57.9,5.69,66.2,Potato
54.7,30.0,19.9,21.1,54.7,6.66,45.5,Mustard
98.4,39.9,24.5,27.0,69.2,6.98,88.5,Maize
84.0,20.9,22.3,28.4,42.0,7.39,56.6,Sorghum
28.6,54.7,15.9,19.5,50.1,7.19,39.8,Chickpea
69.8,28.8,14.2,28.4,49.0,6.91,44.7,Pearl Millet
76.2,36.7,22.8,20.6,63.7,6.62,76.6,Maize
28.5,60.5,26.3,24.5,78.4,6.66,91.8,Soybean
114.4,58.1,16.0,21.2,60.9,6.12,72.9,Wheat
117.0,39.5,46.4,31.2,70.7,6.2,194.6,Rice
84.1,57.3,19.4,23.5,67.6,6.51,95.1,Maize
123.7,53.5,50.5,26.7,73.0,6.34,57.7,Tomato
114.0,64.1,68.9,26.4,74.7,5.91,59.3,Brinjal
16.8,49.2,18.8,19.0,50.7,6.96,23.8,Lentil
24.2,37.5,19.2,25.4,65.0,6.69,70.8,Black Gram
87.3,39.6,41.1,27.2,78.6,5.79,241.8,Rice
25.9,69.7,19.1,23.4,75.5,6.95,75.0,Soybean
53.2,39.9,16.6,34.9,54.4,7.19,73.0,Sorghum
93.3,42.6,43.2,21.2,58.4,7.69,77.7,Cotton
77.2,51.8,17.8,20.8,70.8,6.34,99.9,Maize
19.0,46.6,24.5,22.7,65.1,6.49,70.3,Black Gram
23.1,38.3,18.1,30.1,55.9,6.02,97.2,Groundnut
28.9,52.9,16.2,20.3,37.5,6.89,39.3,Chickpea
90.1,58.9,21.9,22.9,64.6,7.16,82.8,Wheat
60.2,39.2,22.1,24.0,74.3,6.71,107.5,Maize
155.8,67.3,75.4,32.0,76.7,7.13,170.3,Sugarcane
22.3,68.4,18.5,27.9,70.6,6.41,83.4,Soybean
17.1,44.5,18.2,24.7,74.3,6.24,81.5,Black Gram
87.5,48.9,26.8,19.2,50.1,7.14,51.8,Wheat
47.9,18.6,13.0,31.4,40.0,7.31,40.9,Pearl Millet
131.0,48.1,106.1,17.7,65.2,5.36,67.4,Potato
104.8,56.3,17.3,12.8,65.6,6.69,52.9,Wheat
118.7,55.0,43.2,23.4,53.2,6.77,42.9,Chili
56.8,23.9,23.9,32.5,52.7,7.14,69.9,Sorghum
95.8,52.4,57.1,24.9,59.9,6.53,74.2,Tomato
98.0,57.3,52.3,24.9,52.6,7.87,95.8,Cotton
44.7,30.3,20.9,27.5,52.7,5.81,70.3,Finger Millet
131.0,61.3,89.4,16.3,62.6,5.68,46.8,Potato
20.9,35.2,29.8,29.3,57.3,6.47,63.3,Groundnut
33.4,20.2,10.2,27.5,41.2,6.43,41.0,Sesame
119.5,52.8,57.7,22.0,54.9,6.95,46.8,Chili
82.8,54.0,50.4,25.0,56.0,6.9,44.5,Chili
105.5,56.7,86.2,19.2,54.4,6.11,41.1,Potato
18.2,40.0,20.3,23.2,37.1,6.94,43.9,Lentil
31.5,53.5,22.4,24.2,51.3,6.54,85.9,Groundnut
24.4,22.9,18.4,26.1,50.9,5.77,63.3,Sesame
101.4,45.4,15.2,15.1,69.5,7.2,98.0,Wheat
87.7,54.3,21.5,19.4,72.5,6.45,74.1,Maize
73.1,27.2,23.2,33.2,41.9,6.53,58.1,Sorghum
15.5,52.0,20.5,17.0,41.3,6.28,35.9,Lentil
48.4,17.0,12.0,32.7,35.6,7.1,30.6,Pearl Millet
87.5,36.7,16.7,25.7,59.5,6.8,74.0,Maize
107.8,39.3,52.1,22.3,53.0,6.15,87.3,Cotton
45.2,25.1,15.2,24.0,58.7,6.12,83.2,Finger Millet
16.2,37.3,19.1,21.5,49.2,6.18,22.4,Lentil
19.0,47.5,22.8,29.8,65.4,7.29,65.7,Black Gram
136.0,56.5,97.6,16.6,69.4,5.32,47.6,Potato
90.0,45.3,50.1,24.3,71.5,5.79,174.2,Rice
65.4,46.9,21.9,23.4,54.4,6.47,57.5,Sunflower
61.1,20.0,15.2,27.0,45.1,6.5,32.5,Pearl Millet
24.4,36.1,15.1,28.6,60.8,6.38,63.2,Black Gram
112.9,57.7,66.0,28.7,65.4,6.71,53.2,Brinjal
17.7,54.5,24.6,20.0,36.7,6.93,33.6,Chickpea
33.5,25.4,10.5,28.4,43.2,5.65,43.3,Sesame
17.0,39.3,15.1,25.0,65.0,7.19,53.1,Green Gram
94.9,61.1,69.9,20.3,60.6,6.97,48.9,Tomato
39.4,50.9,26.5,24.7,53.2,6.73,71.6,Groundnut
20.0,42.5,21.3,29.9,55.6,6.84,73.3,Green Gram
170.6,58.8,67.0,26.3,81.5,7.25,235.1,Sugarcane
90.6,56.1,21.1,18.8,64.8,5.89,80.4,Maize
27.8,50.9,16.9,16.9,50.4,6.4,50.7,Chickpea
99.2,42.6,18.6,24.8,52.8,6.75,80.9,Wheat
28.4,60.2,15.0,18.2,43.4,6.34,28.0,Chickpea
102.5,59.8,44.1,27.4,60.9,6.99,102.8,Cotton
15.5,38.2,23.1,16.3,39.7,6.45,35.5,Lentil
52.9,42.1,18.8,29.2,62.1,6.87,60.8,Sunflower
71.6,27.5,15.5,23.4,36.6,6.22,30.7,Mustard
19.9,37.4,15.1,18.0,49.0,6.79,28.9,Lentil
97.9,55.2,39.9,28.9,56.2,7.22,103.8,Cotton
112.6,42.0,28.4,19.1,66.3,6.68,82.2,Wheat
65.8,20.7,10.5,31.0,47.6,6.81,36.5,Pearl Millet
26.8,24.5,15.9,27.9,38.0,6.05,49.5,Sesame
20.5,42.2,16.3,20.9,45.5,6.2,33.6,Lentil
20.2,49.8,20.1,19.2,43.0,6.03,30.1,Lentil
154.4,60.7,50.1,26.5,68.1,6.19,151.2,Sugarcane
106.0,41.1,53.1,21.9,58.1,7.58,77.7,Cotton
57.3,23.9,10.8,34.4,43.9,7.14,54.9,Pearl Millet
21.3,43.2,17.5,30.6,64.0,6.82,69.4,Green Gram
21.7,53.8,23.2,22.4,64.4,6.6,62.4,Black Gram
66.5,46.9,22.2,20.2,67.8,6.6,68.1,Maize
25.5,63.9,20.3,19.0,54.1,6.96,31.9,Chickpea
21.9,55.2,16.9,23.0,54.3,6.4,39.8,Chickpea
79.9,42.1,16.3,23.7,56.1,6.7,75.9,Maize
29.1,27.4,13.1,28.8,53.2,6.76,58.3,Sesame
29.6,26.1,13.3,29.9,53.3,6.93,67.4,Sesame
50.0,34.2,18.6,27.5,30.3,6.81,82.6,Sorghum
75.4,53.4,21.7,25.4,59.8,7.04,75.6,Sunflower
73.5,18.6,11.9,30.0,44.2,6.3,47.3,Pearl Millet
57.9,21.6,15.2,29.1,51.7,6.48,100.0,Finger Millet
56.1,29.8,17.3,17.1,48.1,6.66,53.3,Mustard
67.7,46.0,16.2,29.4,47.0,7.28,40.0,Sunflower
74.4,17.5,18.5,25.1,37.8,7.43,58.0,Pearl Millet
90.3,48.2,54.2,21.8,58.7,7.92,75.0,Cotton
87.0,57.9,43.4,25.8,80.4,5.55,174.9,Rice
195.3,66.7,72.2,27.9,84.6,7.03,247.5,Sugarcane
51.9,16.2,11.7,26.3,28.1,7.03,37.4,Pearl Millet
64.8,45.5,22.5,18.6,56.6,6.23,107.1,Maize
24.3,53.0,27.2,27.3,64.9,6.4,83.9,Groundnut
89.9,46.8,15.6,26.6,73.9,6.74,109.6,Maize
117.7,41.6,39.5,29.6,54.2,6.42,95.3,Cotton
22.1,48.2,21.2,17.8,42.6,6.1,41.6,Lentil
97.7,51.7,52.1,26.7,59.4,6.38,54.6,Brinjal
21.2,49.0,16.3,31.2,68.1,6.7,96.3,Groundnut
29.9,28.5,13.2,31.5,49.2,6.67,54.7,Sesame
96.5,59.4,67.8,28.4,66.7,5.99,54.3,Brinjal
59.0,28.5,15.3,32.1,31.3,6.91,33.7,Pearl Millet
15.4,50.8,23.8,18.0,36.9,7.14,44.2,Chickpea
59.8,40.8,22.9,20.8,47.4,6.26,71.0,Sunflower
98.3,58.5,51.9,22.9,63.7,6.27,75.0,Tomato
125.1,55.4,57.6,25.2,58.9,6.4,95.1,Brinjal
19.2,46.5,23.7,30.6,57.4,6.31,76.0,Green Gram
23.4,15.1,10.7,27.2,35.7,6.25,46.0,Sesame
119.4,58.1,57.4,23.0,65.0,6.85,73.9,Chili
34.9,37.7,21.4,24.1,50.7,6.48,64.9,Groundnut
21.6,48.4,17.5,25.2,66.7,7.14,58.2,Green Gram
103.5,45.1,56.4,20.5,64.0,6.44,76.6,Chili
120.8,53.8,54.3,25.2,65.0,6.57,75.6,Tomato
24.4,44.8,18.4,24.2,35.5,6.58,36.5,Lentil
55.7,33.8,17.1,28.9,52.4,6.31,65.4,Sorghum
22.2,46.9,18.2,22.3,65.0,6.32,78.4,Green Gram
28.5,51.4,23.8,24.9,55.8,6.88,105.0,Pigeon Pea
76.0,35.4,25.2,25.5,48.4,7.23,54.8,Sunflower
134.7,60.7,112.8,23.0,55.2,6.27,47.8,Potato
182.7,62.0,76.9,30.1,74.0,6.58,174.0,Sugarcane
16.0,52.2,18.1,31.7,52.4,7.44,48.6,Green Gram
30.0,74.5,26.6,26.3,75.9,6.6,85.7,Soybean
24.3,45.8,20.3,16.4,35.0,6.81,22.6,Lentil
74.3,26.5,11.5,31.9,48.6,7.29,39.9,Pearl Millet
70.7,42.9,22.0,21.6,40.8,6.46,53.5,Mustard
128.7,66.2,67.0,24.6,67.5,5.99,53.9,Brinjal
64.9,49.0,18.4,24.6,68.0,6.81,94.6,Maize
96.0,54.5,23.0,19.9,65.3,7.22,85.9,Wheat
15.5,54.1,16.4,29.1,51.4,6.16,65.4,Green Gram
19.0,46.6,20.5,29.5,65.0,5.85,96.3,Pigeon Pea
123.8,63.4,67.4,21.2,56.8,6.06,82.6,Tomato
153.7,54.3,70.3,24.6,77.6,6.99,223.4,Sugarcane
115.8,57.0,59.6,29.8,65.4,6.96,83.4,Chili
28.5,58.5,21.4,26.9,58.8,6.52,81.6,Groundnut
15.2,48.4,19.7,25.5,67.2,7.28,45.9,Green Gram
105.2,60.0,60.7,22.8,57.5,6.17,82.6,Tomato
82.6,44.7,37.9,23.1,57.4,6.13,83.2,Cotton
125.1,65.9,52.4,22.9,70.9,6.72,89.0,Brinjal
53.6,34.2,21.8,23.0,49.7,5.55,54.7,Finger Millet
71.0,34.1,20.3,13.9,37.8,6.88,59.6,Mustard
18.3,51.4,15.4,23.7,45.3,6.4,34.9,Lentil
73.2,39.8,25.9,22.5,52.9,7.47,49.8,Sunflower
95.7,50.3,25.4,12.0,62.4,6.53,89.7,Wheat
112.2,48.7,40.4,28.1,50.4,7.47,90.5,Cotton
54.8,27.1,19.9,28.5,65.8,5.73,66.7,Finger Millet
112.4,41.4,48.6,29.6,81.9,5.97,211.8,Rice
20.1,49.3,17.7,23.2,61.1,6.49,62.7,Green Gram
32.5,24.6,17.7,29.0,49.5,6.53,68.7,Sesame
118.8,58.7,17.0,21.9,50.5,6.03,66.2,Wheat
105.0,37.9,53.8,28.3,76.7,5.64,269.1,Rice
25.6,25.7,15.6,26.1,53.6,6.18,60.7,Sesame
23.5,54.9,21.8,31.4,66.5,7.27,67.8,Green Gram
116.0,65.5,85.1,21.0,50.1,5.16,54.0,Potato
22.7,41.3,23.1,30.4,50.7,6.98,72.7,Groundnut
103.1,56.1,56.4,25.7,63.9,6.03,75.5,Tomato
66.4,54.1,17.7,26.1,49.2,6.92,68.9,Sunflower
57.7,50.0,20.1,24.3,53.1,7.07,76.7,Sunflower
73.9,49.2,22.9,25.1,46.7,6.98,76.4,Sunflower
89.0,50.7,51.3,27.0,69.9,6.03,43.3,Chili
212.1,56.3,72.0,30.3,79.2,6.76,212.6,Sugarcane
97.8,69.9,67.4,20.9,65.8,6.32,78.8,Tomato
23.6,41.3,16.4,21.2,39.2,6.76,41.8,Chickpea
22.0,37.0,24.1,24.2,54.1,6.27,45.6,Green Gram
108.7,45.1,55.0,19.1,55.5,6.82,85.8,Tomato
60.8,23.8,21.9,27.2,44.9,6.4,73.1,Sorghum
35.1,18.7,16.7,25.4,51.8,5.75,59.4,Sesame
119.2,62.5,53.5,21.8,74.2,6.06,78.7,Tomato
25.1,57.6,17.8,26.0,75.9,6.15,103.0,Soybean
198.9,47.3,76.1,31.0,67.1,7.49,179.8,Sugarcane
119.8,53.4,53.8,19.2,57.9,6.19,56.4,Tomato
111.3,35.6,54.4,28.3,60.0,7.52,79.5,Cotton
96.8,59.8,15.4,24.8,62.4,6.27,97.7,Maize
40.8,31.8,15.1,27.6,67.3,5.78,76.8,Finger Millet
78.2,37.3,25.6,28.5,64.1,6.32,60.2,Sunflower
114.6,55.4,40.2,23.7,83.4,6.43,233.5,Rice
26.5,46.0,22.2,23.9,49.2,6.45,108.8,Pigeon Pea
201.3,49.1,78.5,23.5,74.2,6.17,210.3,Sugarcane
94.3,59.3,54.0,25.3,69.4,6.9,65.6,Chili
77.5,44.3,16.6,24.6,52.5,6.87,57.5,Sunflower
51.2,37.3,23.1,17.7,46.1,7.2,48.3,Mustard
35.7,28.9,16.0,26.9,50.6,6.93,55.3,Sesame
93.6,53.1,36.3,25.2,80.8,6.29,197.8,Rice
109.0,57.4,52.7,29.8,82.8,5.58,174.2,Rice
110.1,44.7,53.0,22.6,50.8,7.1,76.0,Cotton
72.7,47.8,28.9,27.8,48.6,7.2,65.7,Sunflower
47.2,20.9,19.5,26.4,44.1,6.37,59.4,Pearl Millet
22.2,51.0,18.5,23.7,55.1,6.68,64.1,Black Gram
30.0,44.7,24.2,24.4,60.1,6.87,60.7,Groundnut
118.9,56.6,106.1,19.2,52.9,5.76,76.3,Potato
21.2,37.6,17.7,30.4,56.5,6.73,82.6,Green Gram
48.2,26.1,15.5,33.8,38.8,7.06,35.9,Pearl Millet
30.2,78.9,22.7,29.3,79.4,6.85,85.5,Soybean
82.6,33.7,16.1,27.9,37.7,6.37,65.8,Sorghum
76.8,37.7,21.9,20.7,44.0,7.03,32.1,Mustard
21.0,24.8,18.5,34.4,54.9,5.92,55.1,Sesame
55.5,24.9,14.4,31.5,26.5,7.5,58.2,Pearl Millet
91.5,55.4,29.7,20.2,55.2,6.95,77.0,Wheat
78.8,28.0,16.0,32.0,32.1,7.21,43.7,Pearl Millet
35.1,17.2,18.7,31.4,39.6,5.74,57.0,Sesame
109.5,51.2,49.2,27.3,65.8,5.78,65.5,Brinjal
50.3,52.2,21.8,20.0,53.0,6.28,65.0,Sunflower
23.0,37.7,16.1,31.2,65.0,6.88,75.8,Green Gram
73.1,31.3,20.0,25.7,32.2,6.9,57.0,Sorghum
21.3,54.7,20.3,23.1,71.6,6.38,81.1,Black Gram
21.0,79.4,25.2,25.3,74.0,6.76,109.0,Soybean
97.3,44.5,47.7,28.3,50.9,6.43,93.3,Cotton
151.4,47.4,55.2,28.3,67.0,6.84,162.0,Sugarcane
17.2,45.4,20.6,31.4,58.9,6.96,82.7,Black Gram
76.7,34.3,20.2,16.3,40.5,6.98,33.6,Mustard
32.5,16.3,18.8,27.7,39.9,5.95,55.2,Sesame
117.8,57.3,53.9,26.1,64.9,6.99,62.9,Tomato
163.5,47.5,71.0,30.7,78.0,6.22,243.5,Sugarcane
60.6,49.6,17.5,22.1,74.2,6.28,102.0,Maize
59.9,42.5,23.4,24.4,50.8,6.99,55.7,Mustard
27.2,40.6,22.2,29.4,55.6,6.31,83.1,Pigeon Pea
130.0,49.9,60.3,22.2,72.7,6.76,69.8,Tomato
25.6,58.8,17.4,27.5,55.4,5.9,98.8,Pigeon Pea
90.5,49.0,16.3,24.2,61.1,6.46,69.8,Wheat
59.5,38.2,19.7,29.7,49.0,6.23,64.4,Sorghum
75.2,24.7,19.0,31.2,28.3,6.7,36.1,Pearl Millet
102.9,55.2,65.2,26.0,66.0,6.7,76.8,Brinjal
74.2,43.5,16.7,24.3,54.1,6.83,44.2,Sunflower
86.7,33.0,16.0,29.0,48.2,7.17,45.9,Sorghum
22.0,51.4,24.0,23.9,64.2,6.12,90.1,Pigeon Pea
20.5,38.8,23.6,24.6,59.5,6.72,70.0,Black Gram
69.3,49.3,23.7,21.4,53.9,6.53,59.8,Sunflower
105.3,65.6,53.3,24.4,67.3,5.59,97.4,Brinjal
92.7,45.1,40.4,22.7,59.0,6.2,44.4,Chili
22.0,41.3,15.4,22.2,45.8,6.76,29.7,Chickpea
121.0,56.2,58.3,29.0,66.0,5.83,71.8,Brinjal
23.5,43.5,18.2,26.4,62.0,6.41,102.7,Pigeon Pea
116.6,67.2,99.3,22.4,66.8,6.24,68.9,Potato
114.0,52.7,88.4,16.6,62.8,6.38,60.4,Potato
104.4,50.3,58.5,25.2,69.8,6.51,45.8,Chili
102.5,58.1,106.1,16.5,57.4,6.4,57.7,Potato
180.2,54.7,78.6,29.4,69.2,6.58,204.4,Sugarcane
73.9,20.4,17.9,34.4,40.6,7.39,54.2,Pearl Millet
110.0,54.6,67.5,22.4,60.7,5.66,88.0,Brinjal
64.3,21.7,17.4,27.3,26.5,6.68,44.2,Pearl Millet
30.5,48.4,26.7,26.5,59.6,6.97,83.6,Groundnut
77.4,39.0,23.1,26.4,55.4,6.65,47.7,Sunflower
57.0,31.4,20.8,29.9,46.1,6.34,67.6,Sorghum
97.5,57.6,42.0,27.1,85.7,5.9,243.3,Rice
29.0,50.1,21.6,24.0,63.2,6.46,98.5,Pigeon Pea
103.5,66.6,46.1,22.3,70.2,6.95,89.3,Tomato
21.6,61.4,21.8,23.8,39.1,7.31,22.4,Chickpea
118.0,58.8,43.6,21.9,53.3,6.79,40.3,Chili
54.7,24.8,16.9,23.1,69.4,5.74,72.2,Finger Millet
71.7,58.3,19.0,18.8,67.3,5.94,77.3,Maize
59.1,25.7,24.4,19.6,41.0,6.22,54.9,Mustard
67.9,35.0,24.8,22.8,53.2,6.38,53.2,Mustard
23.9,49.2,23.1,20.2,37.3,6.19,41.5,Chickpea
67.3,25.7,21.3,24.3,55.9,5.56,88.1,Finger Millet
22.0,51.4,20.8,18.6,38.3,6.76,53.2,Chickpea
99.2,55.0,19.4,21.0,67.2,7.17,52.0,Wheat
114.0,61.7,25.6,22.9,63.9,7.02,80.9,Wheat
15.5,52.6,19.4,27.9,52.8,6.01,54.8,Green Gram
52.6,36.5,17.9,29.4,30.5,6.45,65.1,Sorghum
27.0,49.1,15.1,24.3,53.2,5.67,93.8,Pigeon Pea
23.0,52.9,20.2,19.6,35.6,6.88,20.4,Lentil
123.2,51.8,67.6,28.0,73.4,6.78,80.6,Tomato
23.7,42.2,18.7,20.8,46.0,5.88,63.7,Pigeon Pea
67.8,50.3,17.8,19.9,65.3,5.81,60.4,Maize
22.9,71.3,15.8,24.5,63.0,6.58,103.1,Soybean
109.0,41.0,54.1,24.1,56.1,6.15,82.0,Chili
50.6,38.1,18.8,20.7,46.8,6.34,55.4,Mustard
39.6,59.1,17.4,25.4,61.3,6.64,87.0,Groundnut
86.1,58.5,23.7,24.9,70.8,6.6,73.0,Maize
45.2,25.4,21.4,20.7,54.0,5.96,99.8,Finger Millet
18.6,47.7,18.8,24.5,64.6,6.03,82.6,Pigeon Pea
82.1,45.7,50.8,27.4,62.2,6.02,108.3,Cotton
79.4,36.5,19.3,22.4,50.0,6.57,72.7,Sunflower
61.0,50.2,22.3,22.0,47.5,6.52,45.5,Sunflower
117.6,63.0,59.0,22.2,73.8,6.41,61.8,Brinjal
18.7,47.0,21.1,25.7,73.1,6.75,68.6,Black Gram
65.3,26.9,17.2,21.3,68.8,5.13,60.0,Finger Millet
69.2,25.4,19.8,23.6,62.1,6.19,85.8,Finger Millet
112.6,42.0,37.4,29.0,82.6,6.38,260.3,Rice
27.6,53.7,28.7,30.0,54.5,6.89,69.4,Groundnut
119.9,59.4,66.3,19.6,55.3,6.69,44.9,Tomato
29.8,16.4,14.0,30.1,51.5,5.61,47.2,Sesame
27.2,65.7,15.2,29.4,72.1,6.2,116.0,Soybean
64.0,52.2,20.1,22.7,64.7,7.37,41.2,Sunflower
95.9,54.0,58.3,20.9,67.2,6.79,55.8,Chili
22.2,50.4,24.8,17.0,39.3,6.44,26.9,Chickpea
21.0,29.3,15.8,33.1,43.5,6.85,51.9,Sesame
17.0,46.5,24.3,23.5,74.4,7.42,85.4,Black Gram
57.3,25.1,23.1,22.4,50.6,5.91,63.0,Finger Millet
114.3,57.5,60.6,22.1,70.9,6.73,94.6,Brinjal
106.3,63.9,16.0,12.7,55.6,6.39,62.3,Wheat
123.7,52.3,61.4,20.4,67.2,6.43,68.4,Brinjal
66.3,42.7,17.9,25.8,68.5,6.76,72.5,Maize
75.5,30.1,19.1,18.5,45.7,6.99,31.2,Mustard
57.4,24.9,14.4,27.8,39.0,6.76,58.0,Pearl Millet
19.8,43.4,18.0,20.7,43.8,6.52,49.9,Chickpea
23.5,55.4,15.4,19.0,48.0,7.05,45.5,Chickpea
113.3,45.2,57.7,26.9,63.3,6.37,43.0,Chili
90.4,41.0,51.2,27.5,53.9,6.37,40.8,Chili
78.9,36.1,16.4,20.5,74.4,6.2,84.1,Maize
15.2,41.3,23.2,27.5,64.0,6.43,61.9,Black Gram
33.0,63.1,22.0,25.3,63.0,6.96,90.2,Soybean
20.8,53.1,18.2,21.7,38.8,6.62,30.1,Lentil
84.0,52.6,21.9,21.4,58.3,6.32,67.1,Maize
113.2,35.9,46.9,24.3,72.4,5.58,254.4,Rice
173.1,46.6,61.7,24.0,79.3,7.44,219.1,Sugarcane
21.6,38.2,21.9,16.3,43.5,6.25,42.5,Lentil
60.5,23.2,17.4,22.8,55.3,5.42,51.0,Finger Millet
17.5,47.1,22.9,24.1,54.5,6.35,55.3,Chickpea
97.7,55.3,49.3,18.2,59.2,6.54,64.1,Tomato
60.0,24.7,15.1,26.2,32.8,7.48,55.8,Pearl Millet
22.6,61.6,17.4,15.8,42.1,7.12,42.0,Chickpea
199.0,51.3,73.3,31.5,74.3,7.05,223.7,Sugarcane
108.9,63.5,116.2,17.1,53.5,6.04,79.1,Potato
110.6,46.1,46.7,20.1,73.3,6.03,73.4,Brinjal
27.0,41.0,15.9,25.4,52.5,6.91,57.0,Groundnut
89.3,59.3,53.0,23.0,68.6,6.74,54.2,Chili
18.8,40.7,15.1,21.3,51.2,5.68,109.3,Pigeon Pea
60.7,42.9,15.7,24.7,47.3,6.28,50.4,Mustard
81.6,49.8,48.6,22.2,80.2,5.73,246.8,Rice
86.3,57.6,44.8,29.7,61.9,6.24,64.9,Chili
75.0,50.1,21.9,24.3,62.9,6.43,50.0,Sunflower
29.2,18.2,18.7,29.2,50.0,6.32,48.4,Sesame
104.0,39.5,44.6,26.9,53.7,7.36,82.6,Cotton
63.6,27.6,18.0,21.5,52.1,5.68,87.8,Finger Millet
115.1,64.0,57.5,28.8,55.8,6.7,59.8,Brinjal
25.5,54.0,18.9,19.2,46.2,6.01,23.1,Chickpea
122.1,65.7,68.8,19.5,65.0,6.58,56.5,Tomato
103.8,62.4,109.0,23.9,63.9,6.03,60.6,Potato
80.8,51.9,18.1,25.0,70.5,6.43,108.8,Maize
111.0,42.0,40.8,29.2,52.2,6.13,90.0,Cotton
123.6,64.1,63.0,28.0,60.2,6.74,67.6,Tomato
117.6,37.0,42.0,29.6,46.7,7.29,108.6,Cotton
36.5,28.3,19.4,28.4,40.9,5.85,64.1,Sesame
23.8,40.2,22.6,22.1,42.3,6.08,50.2,Chickpea
91.8,48.9,46.8,18.1,61.1,6.39,52.1,Tomato
124.8,61.6,111.3,16.6,56.1,5.67,54.6,Potato
17.7,58.6,22.6,22.1,51.8,6.71,94.8,Pigeon Pea
36.7,42.6,22.0,31.0,51.1,6.89,61.0,Groundnut
16.3,54.0,20.0,16.4,43.8,6.5,40.9,Chickpea
51.1,31.7,15.1,32.9,37.7,6.06,69.4,Sorghum
23.4,53.2,17.8,28.1,51.9,6.92,67.2,Groundnut
217.6,53.7,79.7,26.0,82.0,6.32,200.6,Sugarcane
21.3,42.5,16.4,29.1,67.1,7.03,45.7,Green Gram
127.7,47.7,81.9,22.1,57.7,5.16,70.5,Potato
23.9,57.5,24.1,27.4,72.9,6.86,94.3,Soybean
23.9,49.6,24.3,25.3,65.1,6.02,50.3,Black Gram
187.3,52.9,63.4,29.6,80.4,6.53,219.4,Sugarcane
28.8,57.2,16.3,18.6,46.8,7.25,21.7,Chickpea
38.6,37.4,20.6,29.7,54.5,6.66,58.2,Groundnut
119.8,49.3,60.1,20.9,70.9,6.8,78.8,Tomato
80.8,37.6,51.0,23.8,83.1,5.74,164.9,Rice
37.7,29.6,15.6,30.7,41.0,6.38,50.4,Sesame
27.4,55.6,16.9,27.0,50.8,5.95,74.8,Pigeon Pea
99.2,47.1,23.6,23.3,62.5,6.14,70.2,Maize
46.3,24.0,21.6,29.7,67.9,5.91,89.8,Finger Millet
19.3,49.1,16.8,28.1,64.5,6.47,78.2,Green Gram
17.2,52.7,19.6,24.0,53.6,6.58,39.7,Chickpea
50.6,39.7,26.4,25.9,60.7,7.12,42.0,Sunflower
89.5,55.9,22.4,19.3,70.1,6.72,92.9,Maize
98.6,44.6,15.4,18.3,62.8,5.99,61.2,Maize
23.6,26.3,12.0,31.9,42.0,6.27,67.7,Sesame
125.7,54.2,63.1,18.8,66.8,6.48,88.9,Tomato
48.2,15.0,10.4,34.8,31.1,7.26,55.2,Pearl Millet
23.9,17.0,19.3,26.4,39.1,5.87,67.7,Sesame
110.9,40.0,35.1,30.2,84.1,6.23,265.7,Rice
175.6,64.8,70.8,31.2,66.2,6.02,219.9,Sugarcane
65.0,39.8,23.9,24.4,53.9,6.54,40.7,Sunflower
23.8,41.8,27.8,28.6,59.1,6.15,72.5,Groundnut
51.6,34.1,21.1,28.3,62.8,5.2,86.8,Finger Millet
91.0,54.2,52.1,28.5,55.9,6.91,77.2,Chili
105.8,49.3,42.1,31.9,82.1,5.74,165.3,Rice
103.3,45.5,52.9,30.2,76.8,5.76,207.0,Rice
100.6,53.7,37.4,23.0,52.6,6.72,79.6,Cotton
139.5,53.3,103.4,22.0,68.4,6.13,67.0,Potato
38.7,19.8,13.7,25.5,46.8,6.58,62.1,Sesame
30.3,40.3,23.0,30.7,62.3,6.63,77.1,Groundnut
202.5,45.0,71.8,29.1,65.2,6.55,210.7,Sugarcane
31.2,56.5,27.5,26.3,61.0,6.08,95.8,Groundnut
26.0,19.9,11.8,34.0,49.9,5.66,69.4,Sesame
31.7,41.9,15.5,30.6,55.5,6.8,64.4,Groundnut
25.3,59.2,15.5,25.1,78.1,6.24,80.3,Soybean
65.0,36.0,18.7,25.9,43.9,7.27,79.8,Sorghum
20.9,59.4,15.3,31.6,57.4,6.01,84.5,Groundnut
53.6,43.2,15.4,22.1,53.6,6.63,41.8,Sunflower
19.7,46.6,18.9,28.6,63.6,5.96,103.2,Pigeon Pea
16.3,61.6,18.2,16.8,39.8,6.63,30.0,Chickpea
20.7,43.8,15.7,19.6,51.4,6.61,45.0,Lentil
75.9,40.7,24.2,29.8,56.9,7.09,57.8,Sunflower
81.8,52.7,16.7,25.0,66.7,6.94,62.1,Maize
28.6,44.8,21.2,19.1,35.8,6.52,30.6,Chickpea
109.8,46.8,40.9,28.2,58.9,7.87,68.3,Cotton
76.2,37.8,20.8,31.3,33.9,6.71,75.8,Sorghum
52.9,25.8,22.5,17.5,54.9,6.15,55.7,Mustard
101.6,52.5,51.6,28.1,62.7,7.93,82.0,Cotton
34.7,56.6,28.5,28.5,66.3,6.97,84.4,Soybean
101.8,58.9,50.0,28.7,52.1,7.11,90.8,Cotton
18.6,35.9,23.5,31.1,71.4,6.19,89.9,Black Gram
17.0,36.2,22.8,25.7,60.2,5.72,88.6,Pigeon Pea
24.1,78.7,22.0,22.5,74.6,6.33,102.7,Soybean
113.6,41.4,41.6,25.6,62.8,6.21,77.3,Chili
57.5,30.1,21.3,21.9,52.5,7.28,58.9,Mustard
70.1,39.7,21.6,20.2,48.0,6.14,49.6,Sunflower
66.7,28.5,23.3,29.9,49.1,6.25,83.7,Finger Millet
56.0,27.3,23.4,15.4,40.7,7.44,41.4,Mustard
136.8,55.7,103.5,19.1,57.6,5.33,67.4,Potato
20.9,37.0,15.9,25.9,57.0,6.13,81.6,Pigeon Pea
109.2,35.9,42.3,25.3,48.7,6.24,103.5,Cotton
109.3,48.4,54.6,21.2,59.0,5.57,71.9,Brinjal
51.7,53.7,23.8,27.0,55.5,7.25,41.3,Sunflower
113.9,68.7,49.8,29.1,56.1,5.9,64.4,Brinjal
22.2,57.6,15.7,16.9,39.3,7.11,27.6,Chickpea
26.3,51.6,27.6,26.9,58.5,6.98,89.2,Groundnut
43.2,22.2,16.3,33.3,44.6,6.64,58.2,Pearl Millet
21.0,57.3,18.8,27.4,54.5,5.68,106.4,Pigeon Pea
109.9,49.6,89.2,17.4,54.6,5.99,44.6,Potato
73.5,41.6,23.9,27.2,62.8,7.25,64.3,Sunflower
91.1,60.4,55.3,27.2,65.0,6.71,50.9,Tomato
35.0,56.8,15.7,23.7,79.4,6.98,102.7,Soybean
103.2,51.1,90.2,15.9,57.8,5.88,63.1,Potato
117.9,54.1,37.8,30.7,79.7,6.39,270.0,Rice
85.2,58.9,47.1,24.3,83.4,6.12,203.7,Rice
52.3,34.3,24.9,22.0,54.2,7.17,56.2,Mustard
76.8,15.2,15.5,32.4,37.1,6.34,59.2,Pearl Millet
25.2,49.3,24.5,24.4,57.0,6.21,106.6,Pigeon Pea
37.9,43.6,30.0,24.0,50.6,6.82,60.0,Groundnut
126.7,61.2,117.6,21.4,65.9,6.36,67.0,Potato
111.0,45.4,54.4,27.6,45.3,7.76,65.0,Cotton
129.6,48.3,64.0,29.4,65.2,5.5,68.8,Brinjal
21.5,50.5,23.1,26.9,59.1,7.11,78.0,Black Gram
38.2,58.6,15.1,27.7,50.5,6.91,75.9,Groundnut
21.8,53.4,18.7,20.2,47.0,6.24,94.5,Pigeon Pea
112.5,45.8,112.4,16.2,64.4,5.12,55.0,Potato
115.9,45.0,42.7,21.0,57.3,6.06,85.2,Cotton
98.6,37.2,21.9,22.4,62.8,6.56,95.2,Maize
20.7,59.9,28.1,26.4,55.1,6.38,67.8,Groundnut
62.4,50.1,21.9,19.0,62.7,6.35,78.5,Maize
110.2,40.5,45.0,24.2,60.4,7.24,83.8,Cotton
81.8,59.7,40.3,22.1,52.4,7.48,74.7,Cotton
17.7,43.8,23.0,28.1,52.2,6.94,52.5,Green Gram
24.4,41.7,20.6,16.0,39.0,6.41,26.2,Lentil
94.2,51.9,59.6,30.0,65.5,6.4,64.7,Chili
24.0,46.8,22.4,24.1,53.0,6.38,84.2,Groundnut
86.3,48.5,37.0,23.9,55.6,7.89,79.6,Cotton
121.1,51.8,48.7,20.9,65.2,6.34,68.4,Tomato
20.7,35.2,15.1,24.6,54.8,5.53,94.3,Pigeon Pea
91.8,35.9,20.8,27.0,72.1,6.43,63.2,Maize
22.3,38.3,20.7,25.1,53.6,7.29,61.1,Green Gram
212.9,61.9,66.6,28.8,81.6,7.32,214.3,Sugarcane
78.5,35.8,21.7,13.3,42.6,7.15,51.2,Mustard
52.8,40.3,28.5,22.8,58.1,6.8,63.9,Sunflower
21.8,72.2,21.1,23.6,68.1,6.08,104.8,Soybean
29.1,45.3,23.3,25.9,51.0,6.94,59.3,Groundnut
88.2,43.0,24.2,22.1,62.9,6.8,52.1,Wheat
192.6,54.1,51.4,28.6,84.9,6.7,222.4,Sugarcane
60.7,28.9,17.0,14.4,44.8,7.2,47.1,Mustard
55.7,23.2,11.6,31.9,29.2,6.7,45.1,Pearl Millet
20.5,53.1,23.1,18.6,45.5,7.01,30.8,Chickpea
37.9,29.5,14.8,26.0,50.7,6.55,47.4,Sesame
76.3,31.9,20.6,17.6,44.2,7.45,38.9,Mustard
108.8,42.4,46.3,26.8,83.3,6.44,259.9,Rice
35.1,58.3,18.3,30.7,63.8,6.87,89.8,Groundnut
36.5,47.0,25.1,27.5,61.2,6.06,84.8,Groundnut
21.8,54.2,17.5,30.7,68.5,7.01,82.3,Green Gram
94.1,51.7,20.9,26.0,58.7,5.89,72.0,Maize
67.0,18.6,17.6,32.6,32.8,6.86,36.3,Pearl Millet
61.7,45.1,26.5,28.8,47.1,6.58,71.0,Sunflower
102.8,57.6,105.7,17.9,63.8,5.09,74.3,Potato
70.6,26.2,20.7,28.3,31.0,6.41,40.3,Sorghum
52.0,54.9,25.5,21.6,45.2,6.26,73.5,Sunflower
87.3,57.7,46.7,26.0,79.2,6.45,173.0,Rice
53.2,28.9,17.6,28.4,50.9,7.4,49.3,Sorghum
105.0,51.3,23.8,14.2,64.7,7.29,60.8,Wheat
76.9,22.5,13.3,32.4,25.9,6.96,40.1,Pearl Millet
156.4,47.8,48.8,29.0,67.8,6.7,185.7,Sugarcane
110.8,54.7,58.0,21.2,67.5,6.09,71.1,Tomato
24.8,52.6,24.0,28.6,61.9,7.34,61.7,Black Gram
180.0,51.6,71.6,26.8,66.4,6.55,238.5,Sugarcane
128.9,55.9,106.1,16.8,59.4,6.47,47.8,Potato
22.9,38.3,15.3,28.3,74.5,6.5,54.7,Black Gram
104.7,56.3,62.8,29.4,72.9,5.57,58.5,Brinjal
45.2,29.7,17.5,27.2,64.4,6.21,80.7,Finger Millet
103.1,51.0,25.9,18.3,67.5,7.35,71.1,Wheat
24.8,35.4,22.0,24.5,55.8,6.6,87.4,Black Gram
22.3,53.5,23.2,16.7,51.2,7.04,42.2,Chickpea
58.7,27.8,16.6,20.3,52.5,6.61,35.1,Mustard
19.2,51.8,20.9,23.9,61.6,6.76,60.9,Green Gram
93.4,55.1,35.1,25.3,78.0,6.04,288.0,Rice
56.3,22.8,19.0,27.0,25.6,7.58,47.3,Pearl Millet
23.9,43.9,17.5,24.9,68.1,7.0,58.2,Groundnut
85.6,42.3,42.3,26.6,85.7,5.7,227.1,Rice
119.5,38.8,46.9,25.8,89.4,6.34,275.7,Rice
31.5,74.1,19.4,22.7,60.2,6.43,90.5,Soybean
77.5,25.1,15.1,32.2,43.4,7.25,81.1,Sorghum
112.3,42.6,37.0,28.8,78.8,5.62,224.3,Rice
18.3,44.7,23.7,27.2,53.1,5.82,77.8,Pigeon Pea
22.7,59.4,20.6,20.5,37.3,6.19,41.2,Chickpea
91.0,42.0,16.3,23.6,53.8,6.49,61.3,Wheat
15.8,37.7,21.4,18.4,49.2,6.56,27.7,Lentil
94.7,41.7,15.4,13.8,69.3,6.82,98.3,Wheat
110.2,44.6,43.3,27.6,56.9,6.14,55.7,Chili
17.9,47.6,16.2,21.5,40.7,6.0,23.8,Lentil
117.1,69.9,45.8,18.9,56.5,6.4,81.1,Tomato
17.5,49.6,19.4,25.0,59.1,6.11,76.9,Green Gram
20.1,45.6,23.8,26.6,55.6,6.35,80.0,Green Gram
114.8,47.5,57.6,27.3,52.1,6.83,74.1,Chili
117.4,49.2,99.8,21.0,59.9,6.0,42.7,Potato
208.8,64.7,68.0,26.1,84.3,7.32,214.4,Sugarcane
123.3,67.6,59.3,25.5,70.0,6.16,48.2,Tomato
54.3,36.2,16.8,12.5,35.7,7.25,47.7,Mustard
161.2,57.7,48.0,21.5,75.4,6.37,159.5,Sugarcane
28.2,24.9,16.3,28.8,47.3,6.72,35.9,Sesame
57.2,34.8,15.7,12.5,44.4,6.6,34.1,Mustard
21.7,77.8,17.9,26.9,79.7,6.88,117.8,Soybean
23.3,51.5,18.2,24.8,57.3,6.11,69.9,Pigeon Pea
15.1,49.3,18.4,29.9,56.8,7.23,50.2,Green Gram
61.6,24.1,12.2,31.3,39.3,6.5,31.8,Pearl Millet
106.1,40.8,38.7,21.1,54.4,6.86,71.7,Cotton
24.5,51.7,24.0,30.1,64.2,6.38,64.8,Black Gram
84.4,56.2,37.5,26.0,85.9,5.65,184.4,Rice
37.6,17.3,18.6,28.3,42.4,5.56,46.4,Sesame
99.0,44.7,41.9,21.2,52.2,7.78,94.5,Cotton
25.0,40.8,16.5,17.4,53.7,6.52,30.9,Lentil
120.4,63.0,67.6,18.3,64.0,6.68,44.8,Tomato
87.0,57.3,18.0,19.0,51.9,6.68,87.8,Wheat
109.8,49.6,54.2,25.7,75.7,6.37,183.5,Rice
102.1,69.2,52.0,25.9,74.9,6.65,76.8,Brinjal
51.0,34.4,23.9,16.7,53.6,6.95,58.0,Mustard
71.6,51.7,20.9,25.6,49.6,6.93,40.5,Sunflower
62.6,33.8,17.7,26.9,34.6,6.51,61.5,Sorghum
86.2,52.9,48.2,22.3,74.4,5.73,250.8,Rice
65.1,46.2,20.1,20.7,63.9,7.16,73.6,Sunflower
26.6,43.5,16.4,28.6,51.2,6.49,88.3,Pigeon Pea
133.5,45.4,118.2,22.0,65.4,5.12,49.3,Potato
70.6,44.9,19.0,20.1,54.3,7.25,43.9,Mustard
106.4,68.6,55.9,27.9,56.1,6.72,69.1,Tomato
153.4,54.9,74.9,29.3,75.3,6.86,163.0,Sugarcane
60.4,33.0,18.6,22.7,44.0,6.79,59.5,Mustard
51.6,33.3,18.2,34.0,52.2,6.49,85.0,Sorghum
30.2,75.3,16.6,24.0,77.9,6.72,102.0,Soybean
123.0,50.6,53.4,22.2,64.0,6.65,67.3,Brinjal
184.7,55.8,59.4,26.6,72.3,7.12,237.4,Sugarcane
176.1,63.3,59.2,27.9,80.4,6.82,204.0,Sugarcane
31.7,64.2,29.7,25.5,63.0,6.47,104.0,Soybean
106.8,57.5,35.3,28.7,55.4,7.24,64.6,Cotton
29.2,59.2,17.7,20.9,49.4,7.41,55.3,Chickpea
17.2,36.4,20.7,29.6,52.2,7.26,67.2,Green Gram
26.7,59.3,17.3,24.2,46.9,6.57,40.1,Chickpea
21.8,44.3,17.7,20.1,37.9,6.92,42.6,Chickpea
55.4,27.9,20.6,21.7,49.9,5.57,79.7,Finger Millet
30.0,53.8,23.6,26.5,62.1,5.67,77.4,Pigeon Pea
93.1,41.1,47.2,29.1,51.1,6.37,101.9,Cotton
76.3,36.7,18.5,19.0,71.2,6.94,63.6,Maize
68.2,35.5,29.0,26.9,45.7,7.23,48.0,Sunflower
89.7,37.3,52.9,31.0,82.7,5.84,202.4,Rice
76.3,34.2,15.1,27.2,46.5,6.73,40.3,Sorghum
61.2,23.5,18.8,33.0,39.8,7.13,46.3,Sorghum
60.7,24.2,12.4,29.8,35.7,6.32,33.2,Pearl Millet
112.1,42.1,38.5,29.5,86.1,6.49,211.9,Rice
45.3,17.4,19.5,33.8,47.7,7.79,36.2,Pearl Millet
86.2,38.8,19.4,23.5,56.7,6.86,100.2,Maize
128.6,50.7,48.6,29.1,68.4,6.07,78.7,Brinjal
17.6,51.7,21.1,26.4,46.8,6.84,79.5,Pigeon Pea
113.7,69.9,64.7,22.7,60.3,5.94,92.2,Brinjal
46.5,17.8,12.0,28.9,26.3,6.84,45.4,Pearl Millet
75.1,41.3,21.5,16.8,41.1,6.01,55.0,Mustard
19.0,48.0,19.5,20.1,56.1,6.49,89.6,Pigeon Pea
22.3,52.8,17.7,19.5,44.4,7.06,57.6,Chickpea
84.5,56.8,22.2,19.1,73.0,5.88,86.7,Maize
89.9,43.9,50.2,22.1,72.3,5.55,156.1,Rice
109.9,47.6,39.6,31.0,77.7,6.04,286.0,Rice
26.3,20.8,14.4,25.7,45.0,6.24,55.6,Sesame
19.6,47.6,19.5,16.9,45.2,6.53,44.3,Lentil
29.4,15.4,19.7,27.2,44.5,5.59,53.3,Sesame
31.2,18.9,10.7,32.3,41.0,6.18,39.5,Sesame
21.9,35.8,23.4,19.5,47.7,6.22,40.3,Lentil
173.4,66.0,67.7,28.8,77.7,7.42,170.7,Sugarcane
39.3,28.1,18.8,26.8,40.3,5.61,62.2,Sesame
37.5,48.2,20.0,25.7,66.0,6.62,73.4,Groundnut
21.2,78.3,25.6,24.6,67.8,6.74,100.1,Soybean
22.6,45.7,23.4,15.3,42.3,6.24,33.4,Lentil
62.2,36.4,22.9,21.1,54.9,6.02,40.7,Mustard
99.1,52.8,53.7,20.6,58.4,6.58,43.3,Chili
70.1,21.0,15.3,30.5,41.0,7.26,48.0,Sorghum
31.1,26.9,15.7,27.7,48.4,6.04,54.1,Sesame
24.0,53.9,19.0,24.2,62.5,6.5,57.0,Black Gram
110.6,67.8,46.1,27.7,66.4,6.05,87.2,Brinjal
64.5,28.5,18.1,30.8,43.3,6.78,49.2,Pearl Millet
18.3,50.6,23.4,25.2,71.8,6.16,83.5,Black Gram
159.6,46.0,58.3,27.9,67.2,6.47,191.8,Sugarcane
111.7,54.7,36.8,26.9,71.2,6.05,216.2,Rice
111.0,59.5,45.4,27.0,68.6,6.69,74.1,Chili
60.3,17.1,19.8,27.5,26.8,7.26,47.9,Pearl Millet
84.8,57.3,46.9,28.8,85.8,6.0,163.0,Rice
58.4,27.4,18.3,32.1,27.6,7.54,50.1,Pearl Millet
37.1,51.9,17.6,25.5,68.5,6.03,73.1,Groundnut
84.7,50.2,27.6,17.0,61.4,6.88,59.2,Wheat
28.2,76.9,23.2,23.9,77.0,6.56,80.3,Soybean
80.4,50.7,24.3,18.2,64.5,6.63,96.1,Maize
49.6,33.0,23.8,23.5,47.1,6.3,65.6,Finger Millet
33.6,49.6,23.3,30.9,52.0,6.35,76.9,Groundnut
69.4,32.0,17.7,19.5,53.7,6.05,53.1,Mustard
115.8,65.0,64.7,19.9,68.0,6.2,69.2,Tomato
48.5,24.2,19.0,30.0,46.4,6.04,54.1,Finger Millet
52.1,43.4,23.7,21.5,60.3,7.12,76.1,Sunflower
122.3,56.4,66.2,29.9,56.4,5.56,57.5,Brinjal
85.1,48.1,50.4,24.2,82.5,5.59,157.8,Rice
66.1,52.2,15.9,25.3,55.8,7.29,43.9,Sunflower
105.6,61.7,21.8,18.7,59.8,7.0,57.0,Wheat
17.8,54.1,15.5,29.1,65.6,6.72,58.9,Black Gram
79.8,35.2,23.1,25.7,63.3,6.76,61.7,Sunflower
83.0,48.8,54.4,27.2,82.6,6.2,218.2,Rice
20.4,39.3,23.5,29.6,54.0,6.67,59.1,Groundnut
113.8,55.5,48.8,24.7,68.8,6.54,74.7,Brinjal
71.1,55.0,21.5,24.3,61.9,7.21,69.2,Sunflower
109.5,37.1,47.1,24.5,77.8,5.79,203.4,Rice
64.7,29.7,21.5,21.3,61.3,6.77,95.6,Finger Millet
70.1,51.6,23.6,24.7,57.7,6.45,47.3,Sunflower
66.1,38.2,15.1,24.2,47.7,6.24,43.1,Sunflower
54.3,25.8,23.9,28.9,53.4,6.11,96.3,Finger Millet
68.6,22.4,24.8,27.1,31.7,6.89,76.9,Sorghum
17.4,52.2,22.4,23.7,47.5,7.0,25.1,Chickpea
111.0,52.1,65.2,19.9,60.8,6.18,73.7,Tomato
110.1,44.0,28.2,23.3,50.6,7.24,56.4,Wheat
98.0,44.9,20.5,17.4,66.6,7.1,88.5,Wheat
20.5,51.2,22.3,22.1,62.7,6.42,81.4,Pigeon Pea
50.9,38.2,18.7,20.4,42.1,7.01,51.9,Mustard
62.5,46.5,22.3,23.5,68.5,5.9,107.6,Maize
90.7,55.4,42.2,25.3,64.3,6.48,96.1,Cotton
15.9,47.2,17.9,23.6,65.9,6.8,53.0,Black Gram
75.5,45.2,25.6,21.9,58.8,6.41,73.3,Sunflower
22.6,53.7,16.4,22.5,59.6,5.75,77.6,Pigeon Pea
106.1,46.2,101.5,17.1,56.0,5.37,66.0,Potato
76.1,50.5,16.3,28.9,54.4,7.12,45.6,Sunflower
62.7,48.0,16.8,26.7,57.3,6.28,96.9,Maize
64.0,52.2,22.6,26.8,56.8,7.26,51.4,Sunflower
73.1,37.3,17.9,29.7,45.5,6.62,61.4,Sorghum
191.3,46.4,46.8,30.7,81.8,6.52,211.8,Sugarcane
87.8,44.0,49.4,29.1,50.2,6.78,42.9,Chili
102.5,52.5,51.0,27.5,59.0,7.92,89.8,Cotton
31.2,36.4,17.5,26.3,55.7,6.67,50.9,Groundnut
69.0,34.2,18.3,25.7,67.7,5.01,90.5,Finger Millet
85.9,59.4,23.5,18.2,73.0,6.74,99.0,Maize
110.2,43.2,27.4,22.2,64.2,6.05,65.2,Wheat
92.9,65.3,59.5,22.4,72.9,5.56,60.1,Brinjal
56.1,38.7,22.6,22.9,40.8,7.4,46.6,Mustard
109.0,60.4,18.2,18.6,66.8,7.1,77.1,Wheat
44.2,28.5,23.7,25.8,63.0,5.67,54.6,Finger Millet
70.4,39.9,24.0,22.6,51.7,6.66,61.2,Sunflower
98.1,42.4,15.9,23.4,67.5,6.58,73.4,Maize
58.3,18.8,17.5,30.1,33.0,7.15,59.9,Pearl Millet
80.4,50.4,22.2,12.2,55.2,7.14,56.9,Wheat
58.5,41.4,19.7,27.5,56.1,7.32,52.3,Sunflower
19.0,54.1,22.0,22.4,68.1,6.73,63.4,Green Gram
72.7,48.0,17.7,20.5,58.7,6.38,60.0,Sunflower
76.7,40.4,19.1,14.4,53.8,6.8,55.6,Mustard
123.3,52.8,46.6,20.7,60.0,5.73,88.7,Brinjal
129.0,67.4,52.3,21.3,62.4,6.39,45.0,Tomato
106.2,41.2,48.7,29.1,65.8,6.31,86.2,Chili
89.7,53.4,20.2,18.6,62.4,6.9,89.2,Maize
23.3,37.2,16.1,26.3,57.0,6.93,55.7,Black Gram
61.4,24.5,12.0,27.1,26.0,6.72,46.8,Pearl Millet
196.5,46.6,75.5,23.0,69.5,6.99,196.9,Sugarcane
115.1,48.3,67.1,28.3,68.0,6.1,96.6,Brinjal
67.4,44.8,18.7,17.9,41.5,6.27,34.3,Mustard
38.5,58.3,22.7,26.4,59.2,6.19,81.8,Groundnut
120.1,69.0,52.4,19.6,65.1,6.49,48.7,Tomato
17.4,49.6,15.4,15.9,35.1,6.15,22.1,Lentil
114.5,58.7,37.9,31.3,79.8,5.76,218.9,Rice
159.9,62.3,56.8,23.9,84.1,7.17,228.7,Sugarcane
21.8,49.5,24.7,24.6,55.4,6.82,78.3,Black Gram
28.8,43.5,19.4,25.7,55.3,6.09,67.3,Groundnut
24.6,70.4,23.0,23.7,63.3,6.24,95.1,Soybean
52.2,26.8,21.5,18.3,50.8,7.37,41.7,Mustard
80.1,36.1,20.2,26.4,46.8,6.93,77.1,Sorghum
57.0,33.5,17.2,27.2,51.9,6.37,53.2,Sorghum
77.1,35.7,19.8,24.0,57.4,6.15,79.9,Maize
79.7,45.1,20.3,23.4,55.2,6.36,108.2,Maize
167.6,68.0,77.4,29.8,84.6,7.21,151.0,Sugarcane
53.0,48.8,15.4,26.2,47.8,7.42,77.3,Sunflower
21.3,54.6,19.6,30.2,60.2,6.74,82.2,Green Gram
95.7,48.7,54.0,26.6,57.6,6.41,57.4,Chili
76.4,27.3,18.9,27.0,32.1,6.66,41.3,Pearl Millet
15.1,55.2,16.8,26.1,51.7,6.38,75.8,Pigeon Pea
83.4,52.5,36.5,30.2,84.1,5.58,162.7,Rice
54.5,33.5,24.1,20.9,68.4,6.49,89.6,Finger Millet
83.1,54.9,42.7,26.2,56.5,6.46,50.8,Chili
123.7,67.5,56.2,18.5,58.8,6.07,49.4,Tomato
29.2,36.0,20.0,25.8,63.4,5.57,88.7,Pigeon Pea
89.5,59.5,19.1,22.7,58.5,7.0,54.8,Wheat
64.7,47.9,28.8,23.8,60.3,6.9,77.1,Sunflower
60.2,41.2,22.4,20.8,57.0,6.23,73.5,Maize
26.0,44.0,25.8,28.9,53.6,6.38,73.4,Groundnut
104.5,63.4,63.5,24.1,60.8,6.93,67.6,Tomato
136.2,65.5,109.0,20.5,61.6,6.5,51.1,Potato
113.9,52.3,99.0,16.9,55.7,5.09,52.2,Potato
94.8,49.8,65.9,20.6,61.0,5.51,84.8,Brinjal
94.3,42.0,45.9,23.4,86.0,5.57,298.0,Rice
85.8,49.8,52.8,27.3,48.0,7.74,75.1,Cotton
24.6,45.6,23.4,31.1,56.5,6.13,74.5,Groundnut
26.8,39.5,23.8,29.3,64.3,6.88,68.6,Groundnut
54.3,24.5,11.9,32.5,38.6,6.53,38.8,Pearl Millet
115.8,55.9,24.2,12.9,60.4,6.23,86.9,Wheat
24.5,47.1,20.8,24.3,50.9,7.42,57.5,Green Gram
78.3,45.0,18.0,18.6,59.6,6.1,84.2,Maize
18.3,45.2,20.3,24.7,68.2,6.55,46.8,Green Gram
29.0,59.2,21.6,23.2,48.0,7.45,48.6,Chickpea
94.2,38.8,48.8,29.6,57.8,7.23,87.7,Cotton
64.4,41.5,23.2,23.9,41.0,7.42,34.6,Mustard
171.4,64.3,60.9,30.7,68.0,6.76,214.7,Sugarcane
21.7,41.9,18.9,23.9,50.7,5.9,103.1,Pigeon Pea
93.7,59.8,40.1,25.2,52.1,6.71,102.1,Cotton
36.9,50.1,21.8,27.3,59.9,6.04,94.6,Groundnut
41.4,21.7,18.2,33.9,27.2,7.06,57.4,Pearl Millet
115.6,43.4,42.5,22.9,81.6,5.54,219.8,Rice
49.7,28.2,20.5,23.6,56.2,6.74,68.9,Finger Millet
79.3,33.2,24.3,33.2,44.2,6.99,84.9,Sorghum
109.1,69.1,54.9,18.3,59.5,6.95,40.7,Tomato
18.4,39.8,19.0,22.2,70.4,6.26,51.8,Black Gram
22.7,44.5,21.2,19.6,52.9,6.5,45.3,Lentil
25.7,63.4,24.1,24.5,39.9,6.2,32.1,Chickpea
60.0,47.8,15.5,20.5,69.1,5.88,102.0,Maize
67.9,20.4,18.8,32.3,27.8,6.85,56.6,Pearl Millet
76.3,55.7,22.6,23.2,74.1,6.04,65.5,Maize
19.9,42.8,23.7,21.4,38.3,6.64,31.5,Chickpea
21.9,52.7,17.1,31.2,71.3,7.47,85.2,Black Gram
15.7,56.7,23.6,16.6,51.2,7.28,56.6,Chickpea
52.7,37.5,18.9,30.4,54.2,6.1,72.4,Sorghum
16.8,43.4,22.9,26.6,65.8,7.49,66.0,Black Gram
130.4,62.7,93.1,15.9,55.3,5.2,51.8,Potato
17.9,37.6,23.6,27.9,67.8,7.41,47.1,Green Gram
17.1,52.9,19.4,24.0,47.7,6.26,66.3,Pigeon Pea
56.5,44.7,23.4,22.3,41.6,6.8,34.1,Mustard
21.9,36.1,17.8,30.2,51.6,7.28,48.7,Green Gram
124.8,64.6,58.3,19.0,69.2,6.36,44.3,Tomato
24.1,39.9,17.5,21.7,64.2,6.78,71.5,Pigeon Pea
27.5,63.4,19.4,22.5,77.9,6.69,76.1,Soybean
17.5,55.1,22.9,21.3,53.0,5.76,72.7,Pigeon Pea
119.6,58.0,88.1,23.4,54.5,5.61,46.2,Potato
102.4,56.9,43.1,23.3,70.6,6.26,243.0,Rice
21.6,40.1,16.3,15.6,41.1,6.16,25.2,Lentil
69.5,24.4,17.9,23.5,59.1,5.45,95.8,Finger Millet
21.2,40.9,21.4,29.8,62.5,6.24,75.2,Groundnut
62.5,41.0,15.7,27.4,59.9,7.01,65.7,Sunflower
124.5,56.8,96.8,23.0,54.9,5.6,53.2,Potato
50.6,36.2,28.3,28.7,52.1,7.34,63.7,Sunflower
113.4,59.6,45.5,23.7,75.4,5.52,287.1,Rice
17.0,39.2,21.9,17.2,43.8,6.78,43.5,Lentil
28.5,63.2,15.1,15.8,40.0,7.0,55.5,Chickpea
20.6,40.6,17.2,22.8,39.0,6.12,39.0,Chickpea
68.1,34.1,16.7,28.7,63.4,5.46,53.4,Finger Millet
17.0,35.2,17.4,28.8,54.6,6.76,80.5,Green Gram
17.6,42.9,19.2,23.1,50.6,6.96,67.7,Pigeon Pea
88.7,28.8,17.8,33.0,38.2,6.45,51.6,Sorghum
133.9,51.2,109.6,22.0,57.9,5.58,66.3,Potato
24.3,22.9,12.4,32.6,46.3,6.78,66.3,Sesame
73.0,42.9,22.9,14.5,47.0,6.5,30.3,Mustard
119.1,49.7,45.2,25.7,49.3,7.44,64.2,Cotton
66.8,29.9,24.8,22.4,43.3,6.23,53.6,Mustard
18.8,51.7,24.7,26.4,62.9,7.27,67.1,Black Gram
65.1,23.2,16.2,28.5,48.9,6.75,92.1,Finger Millet
44.1,34.7,24.6,21.6,52.5,5.18,63.6,Finger Millet
122.5,64.0,114.6,20.4,66.3,5.47,49.1,Potato
97.9,59.3,54.8,26.9,47.5,7.01,86.5,Cotton
28.4,72.9,25.9,27.3,77.4,6.87,98.9,Soybean
113.9,51.2,64.3,24.3,55.4,6.61,64.6,Tomato
93.8,57.6,56.4,22.1,71.7,6.38,43.2,Tomato
117.5,69.3,57.7,24.4,66.5,6.48,82.3,Tomato
49.2,28.5,12.6,27.2,28.5,7.57,45.0,Pearl Millet
99.5,59.3,25.2,17.8,55.5,7.5,71.3,Wheat
107.9,52.6,42.2,24.9,86.2,6.31,280.1,Rice
80.3,49.5,55.9,26.3,59.5,6.64,85.3,Chili
62.9,20.1,16.5,25.7,47.4,6.39,39.8,Pearl Millet
108.5,57.4,45.2,27.3,72.1,5.95,229.9,Rice
122.2,49.2,80.0,22.8,63.4,5.15,66.6,Potato
18.7,46.3,15.2,26.4,53.3,5.91,70.3,Pigeon Pea
118.3,53.3,49.5,23.1,65.1,6.14,50.1,Tomato
127.9,64.1,63.3,19.7,67.1,6.53,89.1,Tomato
27.2,42.3,17.6,30.3,69.1,6.41,97.6,Groundnut
21.6,54.0,22.3,15.5,52.7,6.86,33.3,Lentil
17.2,42.2,18.1,25.2,58.3,6.07,96.0,Pigeon Pea
118.2,40.5,17.9,12.1,62.9,7.35,62.2,Wheat
62.6,30.8,23.4,34.9,52.2,6.56,49.8,Sorghum
30.4,57.8,23.5,24.0,68.6,6.63,82.8,Soybean
85.3,33.2,17.1,33.6,52.2,6.29,76.9,Sorghum
98.6,65.7,68.1,24.4,57.1,6.9,79.6,Tomato
21.5,37.8,20.8,31.5,63.9,6.87,68.3,Groundnut
17.2,40.4,16.7,29.2,70.4,6.69,78.6,Black Gram
18.7,42.3,24.6,26.4,65.1,7.13,55.6,Green Gram
23.0,23.7,17.4,25.8,53.4,6.96,56.2,Sesame
96.2,46.9,61.0,28.2,70.1,6.56,83.3,Brinjal
51.8,34.8,22.7,14.0,47.2,6.36,56.0,Mustard
24.6,45.0,24.2,29.1,64.4,6.13,53.8,Green Gram
27.7,46.3,19.2,21.6,53.5,6.31,61.1,Pigeon Pea
173.7,62.5,74.5,27.5,80.7,7.12,207.2,Sugarcane
16.0,47.1,19.5,31.4,57.5,6.32,51.2,Black Gram
68.3,35.1,29.8,23.6,62.0,6.8,45.2,Sunflower
111.8,66.7,67.1,22.4,65.2,6.42,62.5,Tomato
24.6,66.9,21.7,27.7,72.5,6.64,105.7,Soybean
19.2,45.3,16.7,21.6,52.1,6.26,34.7,Lentil
16.7,41.8,19.1,25.5,65.3,6.15,59.0,Green Gram
87.4,59.3,49.3,28.5,45.3,6.71,97.1,Cotton
27.1,46.2,15.6,16.3,52.2,6.95,30.1,Chickpea
160.0,53.2,60.5,23.1,74.0,6.24,205.9,Sugarcane
51.6,34.5,22.0,20.8,66.6,5.87,53.4,Finger Millet
119.7,63.2,23.1,22.9,60.4,6.94,54.5,Wheat
76.5,24.2,15.5,27.5,33.6,7.56,46.8,Pearl Millet
108.9,51.8,85.9,18.7,51.5,6.13,71.5,Potato
20.9,54.5,20.3,24.1,36.7,6.19,33.2,Lentil
120.0,50.1,66.6,21.4,73.9,6.07,64.3,Tomato
95.9,37.1,40.8,25.9,50.5,6.44,86.4,Cotton
27.1,59.9,17.5,24.4,55.4,5.94,60.8,Pigeon Pea
25.0,47.2,19.0,17.3,40.1,6.48,31.0,Lentil
63.7,43.0,23.9,24.9,51.1,6.84,66.8,Sunflower
15.2,52.9,17.1,17.3,40.6,6.13,39.2,Lentil
182.8,50.3,77.7,29.8,66.1,7.5,219.5,Sugarcane
16.9,51.3,23.0,19.9,41.0,6.64,28.6,Lentil
17.7,49.3,18.9,28.8,64.5,7.49,79.2,Black Gram
106.3,55.2,52.9,19.5,55.1,6.97,87.2,Tomato
44.1,22.2,22.0,26.4,64.6,6.69,84.6,Finger Millet
101.7,56.8,49.6,30.1,83.2,6.19,277.4,Rice
100.8,69.3,88.9,21.0,58.7,5.09,58.9,Potato
44.4,22.4,22.9,26.2,46.1,6.12,65.4,Finger Millet
74.3,25.0,14.4,34.5,43.0,7.69,45.8,Pearl Millet
98.8,43.6,51.9,26.9,59.4,6.1,63.4,Chili
106.8,58.5,49.8,25.9,63.7,6.96,88.1,Cotton
115.5,56.1,19.3,22.6,67.2,7.27,95.9,Wheat
98.7,45.4,40.5,22.6,87.3,6.31,300.0,Rice
89.2,37.7,37.8,25.6,51.4,6.85,109.1,Cotton
98.3,48.2,17.4,22.5,68.6,5.89,73.7,Maize
87.7,53.6,58.8,22.1,55.1,6.15,76.8,Chili
54.6,44.1,28.1,25.7,62.6,6.29,46.7,Sunflower
90.3,48.8,45.6,21.2,56.4,6.85,59.1,Chili
92.3,46.5,20.5,21.9,55.9,6.0,82.3,Maize
23.3,37.1,20.0,29.0,66.7,7.25,52.9,Black Gram
115.2,69.9,69.9,26.6,56.3,6.95,70.6,Tomato
26.8,49.3,21.7,29.3,51.0,6.49,64.8,Groundnut
65.5,24.8,15.9,28.1,32.4,6.27,89.4,Sorghum
62.2,53.5,20.3,24.6,64.6,6.3,42.6,Sunflower
21.3,47.9,18.7,27.4,60.7,6.64,96.1,Pigeon Pea
35.0,39.4,20.6,24.2,52.7,6.17,52.7,Groundnut
43.8,22.7,19.9,20.8,49.9,6.7,98.8,Finger Millet
122.1,46.9,101.1,22.1,51.6,6.33,63.1,Potato
36.2,22.0,11.8,31.5,54.9,6.43,36.3,Sesame
20.7,52.8,21.5,26.8,67.1,6.71,79.7,Green Gram
114.0,42.9,38.4,27.6,88.7,6.2,235.5,Rice
110.1,51.2,62.1,25.0,62.2,6.88,72.2,Tomato
105.7,59.1,51.0,18.8,55.5,6.25,44.6,Tomato
72.4,46.3,16.2,21.9,49.4,6.39,62.6,Sunflower
124.7,61.8,61.6,24.0,59.1,6.43,74.8,Tomato
29.5,62.9,16.7,16.2,36.7,7.36,27.7,Chickpea
22.0,40.1,20.6,27.3,52.8,6.89,57.6,Green Gram
20.0,43.4,19.1,17.3,37.7,6.2,21.7,Lentil
74.6,53.2,27.2,23.1,56.7,7.37,52.8,Sunflower
115.4,47.7,47.9,24.5,54.4,7.81,106.5,Cotton
34.5,51.9,20.0,25.4,61.6,6.48,86.4,Groundnut
40.0,28.7,18.4,32.4,29.2,6.39,32.0,Pearl Millet
73.8,18.9,14.2,25.4,36.2,7.12,47.1,Pearl Millet
62.8,58.5,20.1,21.7,71.2,6.8,76.6,Maize
16.4,42.0,18.9,27.1,68.6,7.31,50.4,Green Gram
19.8,44.0,19.2,27.1,68.9,6.82,83.1,Green Gram
51.3,29.4,16.5,28.2,50.9,6.17,70.3,Finger Millet
45.0,28.1,19.7,26.8,43.1,6.26,42.2,Pearl Millet
107.9,58.1,49.1,23.5,81.5,6.11,213.6,Rice
72.1,43.1,22.1,25.4,58.6,6.25,105.1,Maize
19.5,49.9,19.7,24.3,54.0,6.64,75.2,Green Gram
159.7,67.0,71.2,29.3,78.0,6.76,165.0,Sugarcane
106.1,61.7,90.6,18.2,68.8,5.36,43.8,Potato
99.4,50.5,42.4,26.6,84.9,5.54,187.9,Rice
60.3,31.7,24.9,18.8,37.8,6.33,44.5,Mustard
43.9,24.5,22.8,24.7,50.7,5.3,66.6,Finger Millet
107.1,45.8,37.3,27.4,49.4,6.35,77.9,Cotton
16.2,43.3,15.7,23.0,58.3,6.46,82.0,Green Gram
83.0,44.0,37.3,30.6,82.5,5.83,159.5,Rice
109.2,55.7,49.9,26.7,53.5,7.8,92.5,Cotton
97.5,58.2,26.5,14.1,62.2,6.2,87.6,Wheat
24.1,42.4,18.7,18.8,51.7,6.65,38.4,Lentil
19.9,44.3,22.9,23.2,46.1,6.18,34.0,Lentil
20.9,46.1,21.6,27.0,55.6,6.92,78.6,Black Gram
119.2,52.2,49.4,24.3,61.5,6.09,86.5,Chili
88.5,49.5,57.3,21.7,50.4,6.65,42.7,Chili
90.9,54.6,46.7,25.9,69.7,6.9,51.8,Tomato
122.4,50.5,58.3,22.2,60.2,6.29,52.0,Brinjal
24.4,49.7,19.6,27.7,63.9,6.89,80.1,Green Gram
118.7,36.8,44.4,25.9,46.9,6.75,75.9,Cotton
99.3,61.1,56.4,23.5,57.4,6.8,79.2,Tomato
108.7,61.8,51.5,21.2,73.6,6.68,81.3,Tomato
21.6,79.1,29.1,23.6,63.2,6.24,95.8,Soybean
51.1,31.5,23.1,24.0,68.7,5.73,88.6,Finger Millet
60.8,46.3,18.6,29.9,55.0,6.29,59.1,Sunflower
55.0,34.7,16.0,23.0,61.0,5.63,96.4,Finger Millet
74.4,34.0,23.4,33.0,54.0,6.8,64.4,Sorghum
29.5,21.5,16.4,34.4,37.2,6.18,41.7,Sesame
30.2,63.7,18.2,25.0,65.4,6.09,111.5,Soybean
86.7,52.0,18.6,23.3,55.2,6.56,105.7,Maize
57.3,36.5,17.9,34.3,54.2,6.86,47.2,Sorghum
25.9,40.7,15.0,27.2,48.4,5.66,71.9,Pigeon Pea
16.0,40.7,17.4,23.8,43.3,7.08,56.7,Chickpea
102.8,52.7,43.7,28.3,67.4,6.52,85.6,Chili
103.3,43.7,52.1,20.6,62.2,6.55,72.8,Chili
22.1,68.8,24.1,27.6,73.6,6.29,86.5,Soybean
163.1,63.5,61.8,26.0,82.0,7.06,153.3,Sugarcane
34.9,71.4,23.1,28.1,76.8,6.81,70.8,Soybean
76.1,39.9,17.2,12.9,49.3,6.59,53.0,Mustard
90.5,44.7,20.1,22.4,66.5,6.84,109.0,Maize
119.6,63.3,95.3,18.1,66.8,5.05,79.0,Potato
25.5,53.0,22.3,20.0,64.1,6.72,105.2,Pigeon Pea
23.3,52.9,19.1,22.2,67.2,6.26,69.9,Green Gram
66.7,22.3,21.1,34.4,46.5,6.12,57.7,Sorghum
25.2,18.5,13.0,29.4,41.3,6.06,56.7,Sesame
86.2,41.7,42.9,23.5,49.6,7.61,91.9,Cotton
108.8,43.7,54.9,23.7,49.8,7.14,101.8,Cotton
25.8,27.8,14.6,25.2,44.9,5.63,69.5,Sesame
25.1,56.2,15.1,24.0,63.1,6.61,87.1,Pigeon Pea
95.2,52.0,51.6,26.4,57.0,6.32,70.6,Chili
19.4,54.3,22.5,18.8,41.1,6.69,52.7,Chickpea
33.2,60.3,29.6,23.1,62.0,6.11,98.7,Soybean
73.1,48.4,27.8,29.4,56.6,6.36,55.9,Sunflower
27.0,46.2,24.0,24.1,53.9,6.78,47.1,Chickpea
16.6,48.8,20.1,17.0,41.4,6.59,22.2,Lentil
117.2,53.5,54.0,23.1,69.2,5.71,50.7,Brinjal
106.9,68.8,45.9,25.5,67.9,6.25,65.4,Tomato
15.9,50.3,20.5,19.4,50.0,7.24,50.8,Chickpea
23.2,65.0,22.6,28.5,76.8,6.91,95.5,Soybean
89.3,41.1,15.3,24.8,58.6,6.58,84.0,Wheat
93.0,45.4,50.9,28.0,56.2,6.19,63.8,Chili
61.8,24.2,22.7,27.5,51.6,6.15,46.3,Sorghum
20.2,35.1,18.2,28.8,64.7,7.47,85.0,Black Gram
69.5,24.0,18.8,25.5,31.4,6.94,36.8,Pearl Millet
25.8,54.1,15.9,25.1,49.6,5.77,100.5,Pigeon Pea
42.0,28.2,20.9,26.5,51.4,5.66,92.2,Finger Millet
51.6,28.2,16.3,25.2,39.0,7.18,68.3,Sorghum
89.1,39.3,19.0,32.3,38.6,7.01,80.3,Sorghum
19.5,50.8,23.4,21.5,39.6,6.27,29.4,Lentil
23.8,38.2,19.6,21.1,48.8,6.38,46.1,Lentil
66.3,26.6,19.5,32.6,33.2,6.29,87.6,Sorghum
61.9,22.1,19.2,25.7,32.0,6.76,53.5,Pearl Millet
107.4,51.5,49.3,19.4,62.3,6.49,43.1,Tomato
20.2,75.4,20.4,26.6,61.5,6.17,114.5,Soybean
24.7,40.5,21.5,21.2,41.2,6.13,23.6,Chickpea
38.6,41.4,19.0,27.3,54.9,6.13,92.9,Groundnut
16.3,38.5,24.6,21.9,51.0,6.4,30.1,Lentil
109.1,41.5,41.0,28.4,59.8,6.81,55.6,Chili
85.0,58.0,52.4,27.2,81.8,5.9,158.2,Rice
55.5,27.4,11.3,34.4,43.8,7.71,50.3,Pearl Millet
83.5,54.3,59.5,25.4,60.0,6.19,71.7,Chili
69.6,27.4,16.8,15.2,54.5,6.6,48.0,Mustard
15.6,51.4,15.4,18.7,45.8,6.15,42.4,Lentil
21.4,37.4,23.7,24.4,56.7,6.75,64.7,Groundnut
45.0,34.8,23.2,22.8,46.8,5.1,56.0,Finger Millet
87.1,47.5,43.4,31.1,77.2,6.08,244.8,Rice
60.2,19.7,14.3,31.5,43.6,6.57,42.2,Pearl Millet
112.6,48.0,98.2,20.0,54.2,5.04,68.8,Potato
115.1,67.0,53.2,24.1,73.1,6.48,99.1,Brinjal
132.6,63.6,80.8,20.7,58.7,5.68,72.7,Potato
79.1,17.7,18.0,28.3,43.3,6.87,47.4,Pearl Millet
78.0,49.6,21.2,18.6,68.7,6.09,95.7,Maize
103.6,52.7,19.5,19.3,63.8,7.31,81.8,Wheat
92.7,62.1,46.2,20.5,62.1,6.74,64.7,Tomato
106.4,42.0,54.1,29.4,81.1,6.11,212.9,Rice
26.5,52.4,18.1,23.1,52.3,7.01,21.9,Chickpea
56.2,21.2,15.2,21.0,55.3,6.68,81.9,Finger Millet
48.2,31.0,15.5,20.5,54.7,5.64,65.8,Finger Millet
26.8,48.5,18.2,21.4,62.8,6.21,103.9,Pigeon Pea
20.5,52.8,16.0,23.2,39.2,6.39,29.5,Lentil
103.7,36.2,47.2,23.7,71.3,6.45,294.8,Rice
20.3,36.2,17.1,26.9,51.7,7.26,73.7,Green Gram
29.0,23.5,11.6,33.6,53.2,6.17,44.8,Sesame
125.0,56.2,116.4,19.4,60.2,5.63,71.6,Potato
104.2,46.0,53.7,25.8,58.9,7.79,67.3,Cotton
18.9,38.8,15.6,20.9,54.8,6.17,21.4,Lentil
57.6,26.8,20.2,20.1,55.6,6.29,72.1,Finger Millet
43.9,25.6,13.5,25.1,35.1,6.58,54.6,Pearl Millet
33.9,65.7,28.0,25.6,79.6,6.96,86.5,Soybean
24.5,16.0,14.8,26.7,49.6,5.86,47.0,Sesame
161.2,50.9,69.2,29.6,69.8,6.39,180.7,Sugarcane
33.6,16.6,19.6,32.5,47.6,5.97,40.6,Sesame
56.0,52.8,19.8,20.1,61.9,7.41,66.2,Sunflower
17.7,52.1,18.5,24.7,54.6,6.27,21.2,Lentil
61.9,24.6,19.1,27.4,46.8,7.24,73.7,Sorghum
100.1,56.4,48.2,23.6,71.4,6.14,154.0,Rice
46.0,32.1,23.5,22.9,68.8,5.09,57.5,Finger Millet
62.1,26.3,20.2,16.5,48.4,7.43,44.6,Mustard
97.4,62.0,68.1,23.4,72.5,6.12,64.7,Tomato
32.4,45.5,24.2,30.1,60.9,6.63,96.8,Groundnut
54.2,32.2,19.3,28.0,59.9,6.6,70.5,Finger Millet
16.1,49.4,23.5,17.6,35.4,6.22,21.7,Lentil
19.2,44.6,18.8,18.6,36.0,6.69,33.1,Lentil
105.8,48.9,47.7,28.9,59.9,6.99,83.1,Cotton
26.2,52.0,23.5,27.5,60.8,6.2,71.5,Groundnut
19.7,42.5,20.3,15.6,37.2,6.33,38.6,Chickpea
121.2,57.8,51.2,22.7,66.3,7.0,72.2,Tomato
70.4,45.9,20.9,18.7,67.4,6.98,69.5,Maize
214.5,47.7,52.4,25.1,81.2,6.4,238.2,Sugarcane
34.6,27.8,10.5,30.0,49.0,6.31,58.3,Sesame
93.5,58.6,41.5,27.2,84.1,5.86,295.8,Rice
59.7,20.0,11.1,34.5,26.5,6.68,38.9,Pearl Millet
117.1,45.7,54.3,31.6,87.1,5.79,207.8,Rice
94.3,59.7,54.2,24.5,50.2,6.52,89.2,Chili
97.4,62.4,46.8,22.8,68.4,5.9,52.5,Brinjal
51.0,29.0,17.4,25.5,48.1,6.17,70.4,Sorghum
88.5,45.2,54.8,21.0,48.9,6.38,95.9,Cotton
19.0,40.5,22.2,15.3,46.9,6.81,58.8,Chickpea
26.2,58.8,26.8,29.3,60.4,6.17,98.9,Groundnut
20.9,45.8,27.4,24.2,63.5,6.93,61.8,Groundnut
83.2,22.4,22.3,30.3,37.2,6.74,55.0,Sorghum
111.2,57.1,62.2,27.5,57.2,6.83,69.2,Tomato
22.8,74.8,21.2,22.7,69.7,6.09,76.4,Soybean
117.9,61.4,95.6,18.2,58.6,6.11,60.1,Potato
119.8,41.4,25.4,24.8,54.8,6.21,56.1,Wheat
58.3,33.7,16.6,27.5,59.2,5.49,73.7,Finger Millet
23.1,48.9,15.1,26.3,58.9,7.37,57.0,Black Gram
86.5,51.0,51.3,24.1,56.9,6.34,75.6,Cotton
88.7,63.7,26.8,13.2,58.4,7.32,97.2,Wheat
25.6,79.8,29.9,22.9,74.5,6.05,71.5,Soybean
98.6,58.4,65.8,23.2,60.0,5.86,97.5,Brinjal
59.3,20.7,18.4,26.5,37.6,6.3,32.1,Pearl Millet
115.5,54.5,60.7,21.0,67.4,6.28,42.5,Tomato
132.1,68.2,119.0,23.1,56.3,6.44,72.5,Potato
23.7,45.0,24.5,27.8,50.7,6.77,81.6,Pigeon Pea
59.0,36.3,24.3,26.0,41.3,6.51,83.5,Sorghum
121.9,67.1,108.5,20.0,65.1,5.06,41.1,Potato
27.6,79.0,17.6,27.8,72.3,6.68,87.6,Soybean
33.2,48.8,16.8,24.9,51.4,6.74,85.6,Groundnut
61.1,28.9,16.1,21.6,50.4,7.45,53.2,Mustard
89.7,53.1,52.1,30.3,77.9,6.17,180.7,Rice
117.1,63.1,113.2,23.1,51.4,5.45,52.8,Potato
68.8,26.5,16.9,16.4,36.6,6.29,57.3,Mustard
16.1,62.7,24.6,15.8,45.6,6.46,35.7,Chickpea
111.8,45.2,105.3,16.0,63.2,6.39,78.8,Potato
102.2,58.0,18.4,25.0,69.5,6.98,60.0,Wheat
24.1,45.3,16.5,24.2,50.1,6.73,41.3,Lentil
23.5,59.1,16.4,17.3,52.6,6.03,50.1,Chickpea
49.6,20.8,10.8,26.5,32.4,6.34,57.3,Pearl Millet
70.3,21.8,14.1,34.3,31.3,6.39,47.5,Pearl Millet
90.8,59.9,19.7,17.9,50.2,6.11,69.6,Wheat
96.2,41.9,24.8,19.3,59.0,6.02,104.7,Maize
91.4,41.7,52.6,22.5,46.3,6.54,90.3,Cotton
95.5,56.9,40.1,25.2,54.3,6.74,42.2,Chili
17.0,48.8,18.9,19.2,44.4,6.37,23.0,Lentil
82.2,59.6,58.2,23.6,65.5,6.75,85.1,Chili
138.5,57.5,95.9,22.6,51.7,5.63,55.0,Potato
202.9,53.1,77.8,21.8,84.2,6.37,150.9,Sugarcane
20.0,43.1,21.8,19.2,54.2,6.6,44.2,Lentil
100.6,49.2,35.4,27.4,59.2,6.23,88.5,Cotton
51.8,51.0,15.5,27.0,45.5,7.29,46.3,Sunflower
27.4,43.1,17.4,22.6,55.1,6.62,85.2,Pigeon Pea
117.2,55.2,47.7,30.7,86.1,5.69,283.9,Rice
116.3,53.1,103.4,17.7,62.7,5.55,74.4,Potato
82.2,26.6,17.1,25.8,41.7,6.72,82.0,Sorghum
73.8,17.7,19.6,28.8,33.5,6.3,44.6,Pearl Millet
104.7,62.2,60.1,25.3,72.8,5.5,64.1,Brinjal
119.4,60.0,57.4,27.6,57.7,6.75,87.8,Chili
23.9,35.6,22.5,29.6,69.1,6.08,68.9,Green Gram
27.4,61.4,19.2,15.9,43.8,6.35,31.6,Chickpea
124.3,57.1,65.9,23.2,61.8,6.48,89.2,Brinjal
34.6,18.6,15.9,33.8,53.2,6.94,62.1,Sesame
53.2,20.6,18.6,28.3,62.5,5.83,52.8,Finger Millet
83.8,40.6,24.6,19.9,60.9,6.35,69.5,Wheat
78.7,33.7,22.9,24.2,52.5,6.31,44.9,Mustard
26.4,56.9,15.5,27.6,68.8,6.55,97.9,Soybean
119.3,44.5,47.8,22.4,64.6,7.41,97.7,Cotton
111.4,45.2,112.2,19.7,63.7,6.37,61.6,Potato
37.6,21.5,12.7,30.9,37.8,5.89,54.1,Sesame
75.1,43.7,24.9,17.2,54.8,6.23,37.6,Mustard
33.3,77.0,26.4,26.5,62.4,6.53,87.8,Soybean
99.0,63.0,57.3,25.5,65.3,6.09,76.8,Tomato
29.8,41.0,21.5,19.4,54.0,6.37,41.3,Chickpea
85.3,29.3,15.8,28.9,50.1,7.35,50.2,Sorghum
23.3,53.2,21.6,17.3,52.3,6.46,47.8,Chickpea
113.5,64.6,96.4,21.2,62.0,6.46,77.5,Potato
97.6,52.2,67.3,19.7,73.5,6.52,75.8,Tomato
54.2,25.0,14.8,29.2,33.9,7.15,47.3,Pearl Millet
114.3,54.7,58.7,23.5,68.0,6.33,76.6,Chili
21.7,54.5,21.8,26.4,63.2,5.53,87.9,Pigeon Pea
17.0,44.9,22.4,22.7,45.0,6.31,49.2,Lentil
18.9,51.9,15.0,23.7,55.6,6.49,86.3,Black Gram
90.5,53.1,68.3,23.0,73.8,5.83,65.7,Brinjal
17.4,49.5,15.7,31.6,53.9,7.32,77.4,Green Gram
117.2,61.9,87.5,21.1,57.9,6.19,41.5,Potato
23.6,54.8,18.2,27.2,47.7,5.94,67.2,Pigeon Pea
97.2,54.6,42.9,21.6,53.3,6.89,43.8,Chili
118.6,65.3,54.0,19.7,56.8,6.58,88.9,Tomato
19.0,50.3,24.2,26.1,58.5,7.05,82.7,Green Gram
115.5,63.9,27.9,22.5,63.1,6.83,54.3,Wheat
27.0,61.0,25.3,26.5,61.5,6.16,89.4,Soybean
25.2,60.1,20.6,22.4,48.2,6.53,52.4,Chickpea
121.8,47.1,58.1,22.1,56.3,6.15,75.0,Brinjal
136.0,63.1,119.8,17.7,67.6,5.9,58.1,Potato
64.1,27.0,18.6,21.1,66.9,6.41,58.4,Finger Millet
30.4,44.8,29.4,26.7,65.6,6.86,71.8,Groundnut
99.3,69.6,57.6,29.5,65.1,6.11,72.5,Brinjal
39.1,59.0,27.6,26.9,51.5,6.57,77.9,Groundnut
68.7,38.1,27.7,22.0,63.6,6.38,69.4,Sunflower
102.9,42.0,50.4,23.9,76.5,5.93,226.1,Rice
113.6,55.6,41.3,23.6,69.1,6.39,66.3,Chili
177.0,46.4,58.3,30.9,65.4,6.71,243.1,Sugarcane
111.4,62.3,29.3,22.2,56.3,7.03,71.9,Wheat
87.2,36.7,49.8,27.7,86.8,5.64,269.3,Rice
16.7,37.1,21.1,22.9,70.1,6.03,60.0,Black Gram
21.2,54.6,18.4,29.0,59.5,6.39,70.5,Black Gram
24.1,45.1,20.9,29.1,66.7,6.18,77.4,Green Gram
71.9,23.5,18.0,31.6,54.1,6.08,84.5,Sorghum
41.8,17.8,15.4,31.5,26.1,7.71,55.3,Pearl Millet
25.0,70.6,27.4,29.5,76.1,6.43,101.7,Soybean
64.1,40.4,15.8,24.1,46.1,6.83,52.3,Sunflower
74.3,53.4,21.4,23.7,61.0,6.79,67.4,Sunflower
69.1,50.9,17.2,20.9,72.0,6.67,64.8,Maize
18.7,44.7,18.1,16.4,39.3,6.11,40.5,Lentil
28.7,18.8,13.3,28.4,54.2,6.7,51.0,Sesame
120.1,62.7,52.2,20.6,72.2,5.91,59.8,Brinjal
34.8,62.7,16.9,26.4,77.2,6.68,84.8,Soybean
52.6,37.6,20.0,18.8,53.5,6.05,53.2,Mustard
116.9,52.5,42.9,24.4,63.1,6.7,83.2,Chili
52.2,29.8,24.3,26.1,49.1,6.61,72.8,Sorghum
36.0,15.7,11.6,29.0,39.6,6.01,69.9,Sesame
18.3,47.8,20.5,25.4,56.3,6.92,105.1,Pigeon Pea
123.2,61.1,54.1,25.0,73.1,6.32,69.9,Brinjal
78.4,44.7,15.4,14.0,43.5,6.28,40.9,Mustard
44.6,24.5,17.5,23.7,51.4,5.88,70.4,Finger Millet
111.0,68.4,106.1,23.7,61.6,6.23,72.5,Potato
64.2,26.5,15.2,27.3,41.7,6.33,43.3,Pearl Millet
32.2,17.9,14.7,31.8,47.7,6.14,66.5,Sesame
103.4,46.0,52.8,28.3,70.0,6.84,67.9,Chili
33.0,63.0,29.8,23.3,70.3,6.79,91.6,Soybean
112.5,56.4,16.9,16.4,68.6,6.34,68.6,Wheat
23.9,50.7,18.0,27.5,54.5,6.67,64.4,Green Gram
21.8,50.0,20.0,30.9,73.7,7.21,75.4,Black Gram
56.9,40.0,22.0,29.0,48.0,7.24,51.7,Sunflower
58.4,30.2,17.2,21.2,36.7,7.11,50.8,Mustard
91.1,48.1,41.9,21.9,64.2,7.71,63.9,Cotton
38.2,51.2,16.2,25.1,53.1,6.63,86.8,Groundnut
46.5,22.1,15.5,30.7,30.3,7.39,30.8,Pearl Millet
103.3,66.1,114.6,21.8,54.8,5.78,47.4,Potato
33.3,25.2,14.8,31.7,36.6,6.78,36.9,Sesame
154.6,63.9,50.7,31.1,72.4,7.01,172.5,Sugarcane
100.9,43.6,40.4,23.5,68.4,7.0,87.3,Chili
53.7,28.8,17.1,19.2,50.7,6.47,32.5,Mustard
129.6,62.5,50.2,24.1,61.7,5.95,88.0,Brinjal
62.5,33.1,17.3,25.1,49.1,6.94,78.1,Sorghum
25.4,36.0,27.7,30.9,61.9,6.57,90.7,Groundnut
21.5,76.3,24.0,29.7,73.4,6.18,93.7,Soybean
124.3,52.7,65.5,25.7,61.0,5.88,68.1,Brinjal
117.0,59.3,53.9,26.7,87.2,6.34,197.9,Rice
17.2,38.9,16.7,29.8,54.6,6.79,63.1,Green Gram
68.6,41.8,20.2,16.9,53.4,6.05,55.7,Mustard
16.3,53.9,23.0,23.8,63.1,6.53,81.6,Black Gram
100.2,46.4,54.9,26.5,60.7,6.67,101.6,Cotton
139.2,57.4,119.8,19.4,54.4,5.76,41.6,Potato
87.9,46.0,52.5,26.9,52.5,6.94,57.1,Chili
111.5,45.5,68.8,26.4,60.2,6.62,86.2,Tomato
44.4,18.7,13.2,33.1,46.9,6.68,55.8,Pearl Millet
33.2,69.7,26.7,24.0,73.6,6.9,89.3,Soybean
82.3,36.7,49.6,25.5,52.4,6.21,96.6,Cotton
82.1,53.5,25.6,23.3,64.3,7.2,67.0,Wheat
23.1,42.1,21.4,17.5,37.2,6.79,23.0,Lentil
79.9,21.8,13.5,29.0,27.9,7.61,42.4,Pearl Millet
58.1,44.4,16.1,27.1,52.9,6.41,40.1,Sunflower
92.8,53.0,56.8,28.0,63.6,6.73,74.7,Tomato
29.9,58.6,26.2,29.8,50.9,6.55,73.3,Groundnut
103.4,44.3,41.8,27.0,64.4,6.17,41.4,Chili
103.7,44.1,20.9,24.6,55.2,6.99,66.3,Wheat
126.4,69.2,57.4,22.9,70.4,5.67,88.3,Brinjal
20.3,19.8,12.0,33.1,51.9,5.89,46.4,Sesame
99.4,44.1,29.2,23.0,63.4,6.69,70.6,Wheat
56.3,30.4,20.2,29.9,60.3,5.67,88.6,Finger Millet
91.7,57.7,24.4,26.6,65.4,6.97,97.9,Maize
88.2,39.8,35.7,26.7,81.3,5.57,266.3,Rice
101.2,63.4,15.6,13.6,59.0,7.4,65.8,Wheat
47.1,23.2,22.4,23.2,57.7,5.29,98.0,Finger Millet
28.7,15.4,13.6,26.3,37.4,5.92,36.9,Sesame
18.0,54.7,17.7,24.0,63.8,6.09,89.1,Black Gram
24.1,61.9,16.7,22.9,67.0,6.76,100.4,Soybean
22.0,57.0,15.3,27.0,72.6,6.99,89.9,Soybean
126.4,62.9,106.2,21.8,53.6,5.88,77.6,Potato
30.8,79.8,17.0,22.4,73.9,6.83,112.3,Soybean
137.6,61.1,83.7,15.2,51.0,5.91,64.6,Potato
19.1,49.7,21.9,23.3,40.0,6.61,37.6,Lentil
27.3,63.6,21.3,29.4,78.2,6.72,114.2,Soybean
111.6,42.9,52.1,28.2,58.2,6.65,85.8,Cotton
24.7,72.1,18.2,25.4,63.8,6.01,118.5,Soybean
56.1,28.6,21.5,20.2,69.0,5.08,57.2,Finger Millet
21.3,35.4,22.2,30.4,58.0,6.67,79.1,Green Gram
26.8,19.9,10.4,31.5,45.7,6.19,66.8,Sesame
54.2,26.7,15.6,27.6,42.4,7.11,53.9,Pearl Millet
114.6,50.0,49.2,22.2,89.4,6.33,181.9,Rice
67.1,35.7,22.7,26.1,48.8,6.41,65.6,Sunflower
53.7,25.3,10.3,31.9,32.9,6.29,48.3,Pearl Millet
91.3,56.4,48.8,28.2,61.3,6.09,71.4,Brinjal
15.2,43.0,24.9,23.0,58.5,6.46,81.2,Green Gram
27.7,53.4,17.1,21.5,51.3,6.96,72.8,Pigeon Pea
98.2,55.7,58.3,26.8,54.9,6.61,88.5,Chili
119.0,44.3,35.5,22.3,45.5,7.98,73.9,Cotton
20.7,52.9,19.8,31.5,54.3,6.11,80.7,Green Gram
38.5,55.4,19.8,31.9,64.2,6.06,51.8,Groundnut
21.0,36.1,23.9,20.3,48.4,6.83,24.5,Lentil
125.9,55.8,105.1,16.1,60.3,6.48,49.4,Potato
18.8,50.2,20.3,29.0,55.2,7.41,66.2,Green Gram
50.3,30.7,16.2,13.3,36.5,6.89,35.7,Mustard
52.5,27.9,11.3,32.1,43.5,7.28,37.6,Pearl Millet
47.5,23.3,12.9,29.2,34.4,7.6,57.2,Pearl Millet
22.1,54.1,17.6,24.8,64.8,6.53,102.1,Pigeon Pea
64.5,52.6,20.4,18.9,59.8,5.81,83.4,Maize
57.1,24.2,10.8,25.9,29.3,7.03,36.4,Pearl Millet
20.6,37.0,24.2,23.4,59.5,6.84,80.6,Black Gram
23.2,43.7,15.7,29.9,62.5,6.15,75.4,Black Gram
69.9,22.2,12.2,34.7,42.9,7.73,42.8,Pearl Millet
21.4,48.9,18.3,27.2,57.9,6.0,97.7,Pigeon Pea
21.0,72.9,22.9,29.2,66.3,6.57,95.0,Soybean
21.5,60.0,22.4,19.3,41.7,6.47,51.0,Chickpea
170.1,45.8,48.3,23.4,75.1,7.27,236.2,Sugarcane
151.2,51.0,60.1,24.7,82.7,7.18,212.6,Sugarcane
29.4,47.8,22.3,24.1,52.1,6.11,80.5,Pigeon Pea
22.8,39.0,16.3,28.8,66.2,7.18,79.6,Black Gram
15.8,46.2,18.3,23.5,72.0,6.78,87.3,Black Gram
61.3,41.0,16.6,24.9,52.6,7.04,72.7,Sunflower
23.1,37.6,22.1,26.4,60.9,6.08,69.5,Black Gram
78.5,26.2,24.0,16.0,45.0,6.63,35.2,Mustard
24.8,36.9,20.9,28.3,60.8,6.99,49.6,Green Gram
32.3,65.9,25.9,24.2,62.0,6.35,90.1,Soybean
17.8,37.1,16.1,24.9,67.3,7.21,86.0,Black Gram
138.1,53.1,96.9,16.0,55.0,6.32,54.4,Potato
118.3,69.6,100.6,21.7,63.7,6.27,48.6,Potato
23.8,48.5,18.4,27.4,66.8,7.33,51.4,Green Gram
24.5,38.9,23.8,22.0,44.1,6.54,45.5,Lentil
40.7,30.5,22.3,28.4,69.4,6.76,53.3,Finger Millet
154.0,48.5,60.8,25.2,80.7,6.24,247.6,Sugarcane
111.6,44.0,49.7,26.1,53.2,6.78,55.0,Chili
15.3,49.5,24.1,30.0,61.7,7.01,84.6,Green Gram
204.9,50.7,51.7,27.5,79.8,6.48,160.5,Sugarcane
103.7,56.5,52.2,21.5,55.6,6.98,71.2,Tomato
219.2,65.8,65.6,28.3,78.0,6.09,171.8,Sugarcane
23.5,41.5,22.0,25.9,61.8,6.92,87.4,Groundnut
31.2,67.7,27.2,25.5,62.5,6.56,117.6,Soybean
24.8,52.5,18.3,20.9,51.9,6.44,20.5,Lentil
211.3,51.8,57.0,31.2,76.6,6.27,216.4,Sugarcane
23.3,44.7,20.4,18.0,38.6,6.09,41.4,Lentil
66.0,26.5,15.1,33.3,50.0,6.16,68.8,Sorghum
20.1,56.1,18.7,22.9,70.7,6.86,106.8,Soybean
123.8,56.4,64.4,19.9,66.2,6.07,57.4,Tomato
107.3,67.4,85.9,20.7,67.8,6.37,71.7,Potato
109.7,58.3,38.3,22.3,55.8,7.23,84.0,Cotton
25.7,78.6,23.8,24.8,72.5,6.91,83.7,Soybean
23.7,44.0,26.3,29.3,61.6,6.53,92.2,Groundnut
86.1,41.1,38.2,23.9,75.7,5.67,284.5,Rice
29.2,43.3,22.7,17.6,53.7,7.08,50.2,Chickpea
85.9,21.7,18.9,26.0,30.4,6.99,70.1,Sorghum
121.6,50.4,53.6,26.7,56.0,6.51,64.1,Tomato
43.8,26.4,16.6,27.0,64.0,5.19,75.3,Finger Millet
23.7,52.9,23.9,27.4,67.9,6.82,52.0,Black Gram
113.8,68.6,60.2,27.8,68.5,6.15,85.9,Brinjal
23.8,49.0,25.4,28.3,58.7,6.39,92.1,Groundnut
17.9,49.7,19.8,18.5,41.4,7.45,45.7,Chickpea
106.9,51.1,28.0,14.3,63.9,7.26,97.2,Wheat
84.9,54.5,20.8,19.3,71.2,6.56,79.4,Maize
94.6,63.6,51.8,24.3,73.3,6.32,50.9,Tomato
52.6,31.6,18.4,25.6,50.1,6.34,52.6,Finger Millet
68.4,36.2,23.4,26.8,70.9,6.82,72.1,Maize
100.2,60.0,62.1,22.7,61.7,6.62,88.9,Tomato
115.7,63.1,102.9,19.4,64.0,5.59,45.0,Potato
17.0,59.2,24.3,24.5,42.4,6.2,40.7,Chickpea
212.3,58.4,54.7,30.7,75.8,7.36,154.0,Sugarcane
22.5,45.1,21.5,27.0,64.8,6.26,61.1,Black Gram
192.6,60.6,60.4,26.4,84.2,7.1,161.1,Sugarcane
26.6,41.9,23.3,19.3,46.9,6.13,33.5,Chickpea
21.6,47.3,23.5,26.8,67.4,6.54,82.1,Green Gram
92.1,57.7,54.2,23.3,63.5,6.28,85.2,Tomato
39.2,35.5,26.1,31.7,67.2,6.17,66.3,Groundnut
97.2,58.9,66.1,19.5,55.7,6.25,89.0,Tomato
52.5,50.5,16.5,28.8,51.1,6.98,59.5,Sunflower
56.4,21.4,22.6,25.8,49.7,5.34,59.2,Finger Millet
28.4,68.3,27.4,29.9,68.2,6.76,75.0,Soybean
110.5,55.8,54.5,26.8,54.2,6.61,71.1,Cotton
84.1,38.8,15.9,28.9,31.8,6.32,51.5,Sorghum
120.0,55.6,59.5,26.9,58.1,6.39,64.4,Chili
108.3,40.9,56.8,29.9,59.4,6.97,67.4,Chili
113.4,46.0,66.9,23.0,74.9,6.74,97.0,Brinjal
52.3,30.6,17.2,23.7,54.8,6.76,97.7,Finger Millet
32.8,58.8,27.6,27.4,62.9,6.18,78.0,Groundnut
86.7,44.2,15.6,21.6,63.3,6.71,92.2,Wheat
61.3,44.7,21.1,26.5,52.1,7.45,77.4,Sunflower
95.2,44.0,59.4,25.2,67.9,6.35,83.0,Chili
57.6,32.6,22.8,18.4,52.8,6.52,41.1,Mustard
81.3,42.7,52.7,26.6,64.9,6.72,73.0,Chili
24.8,25.2,14.9,32.7,54.0,5.67,46.7,Sesame
21.6,58.0,23.9,24.8,60.7,6.54,89.4,Soybean
98.3,47.5,19.3,22.1,59.2,6.24,78.5,Maize
20.2,29.4,15.2,34.8,36.2,6.38,47.2,Sesame
92.3,59.6,22.5,21.5,66.8,6.59,63.9,Maize
23.7,62.4,23.4,25.2,73.5,6.06,76.2,Soybean
81.8,59.1,15.8,21.3,59.5,6.03,67.0,Maize
177.8,69.8,75.9,29.2,75.7,6.69,168.5,Sugarcane
18.8,53.7,19.3,27.4,58.9,6.85,63.8,Green Gram
21.8,36.3,19.0,24.6,45.8,6.29,23.6,Lentil
109.9,56.9,42.2,28.2,65.4,6.35,74.5,Chili
18.7,43.5,18.6,30.0,65.5,6.86,84.1,Black Gram
163.1,50.9,72.8,22.0,73.7,6.03,184.7,Sugarcane
68.8,33.4,15.6,18.4,51.3,6.15,32.1,Mustard
24.7,35.3,19.8,18.3,44.0,6.57,33.1,Lentil
23.2,43.0,16.0,22.6,56.0,6.57,63.5,Black Gram
187.8,49.6,60.4,29.8,74.2,6.22,222.4,Sugarcane
95.1,37.1,50.5,27.6,78.5,6.41,166.7,Rice
77.6,32.1,22.2,17.7,48.1,6.51,39.7,Mustard
15.9,38.7,22.6,15.2,51.3,6.01,39.7,Lentil
109.2,51.2,51.8,25.4,64.1,6.42,73.5,Chili
89.2,33.0,23.0,32.2,44.8,6.08,62.7,Sorghum
62.1,54.2,19.2,25.4,72.0,6.05,92.9,Maize
78.2,51.2,27.3,22.0,47.9,6.04,49.5,Sunflower
68.5,21.4,16.6,29.6,58.4,5.03,62.9,Finger Millet
23.0,21.7,11.8,31.6,38.2,6.86,43.1,Sesame
66.3,27.9,19.7,21.1,61.2,6.56,91.4,Finger Millet
17.2,45.0,23.4,22.0,50.8,6.35,32.1,Lentil
55.4,27.3,21.3,29.5,59.5,5.97,52.5,Finger Millet
65.7,35.3,19.2,20.7,64.7,6.49,62.2,Maize
102.4,46.0,63.6,21.3,69.4,6.71,66.7,Tomato
35.9,21.5,14.5,33.8,52.9,5.86,42.0,Sesame
21.1,44.8,20.2,24.1,51.1,6.1,47.7,Chickpea
23.9,49.8,16.6,21.2,64.6,6.09,71.4,Pigeon Pea
71.4,27.1,18.5,33.3,49.7,6.46,85.7,Sorghum
48.0,33.4,16.0,26.6,67.7,5.3,98.4,Finger Millet
36.1,27.9,13.6,28.2,45.3,5.57,68.1,Sesame
16.9,61.1,18.6,21.6,44.4,6.3,44.1,Chickpea
57.7,37.4,19.6,22.2,41.2,6.96,56.5,Mustard
112.2,54.6,28.0,14.7,52.2,6.4,52.9,Wheat
96.3,49.3,18.9,21.4,59.9,6.12,61.0,Wheat
23.0,54.8,18.5,28.0,68.7,6.25,73.7,Green Gram
125.4,57.8,59.5,19.6,59.4,6.24,61.5,Tomato
105.5,56.2,48.4,27.6,49.7,6.74,67.4,Cotton
46.6,28.7,13.3,28.7,44.0,6.74,58.6,Pearl Millet
15.4,35.5,22.4,25.2,65.9,6.65,63.1,Green Gram
23.0,35.9,24.9,16.3,50.9,6.39,34.8,Lentil
181.5,54.3,61.1,30.2,78.2,6.09,245.8,Sugarcane
18.3,51.1,21.2,22.7,37.1,7.44,55.6,Chickpea
113.2,43.4,47.4,26.0,59.6,6.2,47.0,Chili
18.1,49.0,23.3,29.3,69.8,6.41,80.0,Green Gram
55.4,36.5,24.8,15.8,50.9,6.74,31.2,Mustard
128.7,51.9,111.6,22.7,68.4,5.24,52.2,Potato
21.9,18.4,19.0,34.8,48.0,6.88,57.5,Sesame
105.8,39.4,53.8,31.5,88.3,5.87,152.3,Rice
57.3,34.8,17.4,26.8,62.9,6.09,54.4,Finger Millet
215.9,60.6,50.2,28.5,67.1,7.31,201.7,Sugarcane
19.9,53.5,20.2,26.9,66.6,7.03,54.3,Black Gram
108.5,50.5,44.5,28.5,66.4,6.4,69.4,Chili
16.4,50.0,19.7,29.8,69.9,6.91,77.5,Black Gram
54.9,35.8,23.4,25.4,49.1,7.04,69.6,Sunflower
18.5,42.0,19.7,25.3,57.1,6.22,51.3,Black Gram
94.8,52.3,69.5,24.4,64.4,6.15,94.2,Brinjal
210.0,58.8,46.6,31.7,81.6,6.2,242.2,Sugarcane
120.5,54.1,67.0,27.3,55.5,6.99,75.5,Tomato
75.8,40.6,17.5,22.0,35.3,6.33,32.0,Mustard
99.5,55.2,26.5,14.3,60.1,6.6,57.3,Wheat
51.2,35.9,15.9,24.9,52.9,6.03,55.8,Mustard
29.0,26.4,15.5,31.5,45.3,6.99,36.9,Sesame
74.0,17.9,11.3,34.6,27.7,6.97,47.6,Pearl Millet
102.9,49.3,53.3,25.7,47.7,7.15,64.6,Cotton
18.1,43.4,19.7,23.3,60.1,5.99,66.9,Pigeon Pea
51.7,52.1,29.4,26.9,52.3,7.41,66.5,Sunflower
120.2,56.0,64.6,29.8,59.8,6.62,81.1,Brinjal
77.4,44.5,17.6,14.8,36.6,6.84,30.4,Mustard
75.6,24.0,18.1,29.3,43.7,7.66,47.2,Pearl Millet
138.0,48.7,119.7,20.8,61.3,5.77,40.9,Potato
24.7,44.6,22.3,25.7,53.7,6.66,51.6,Green Gram
115.3,51.5,49.8,24.6,67.3,5.82,65.0,Brinjal
20.3,57.9,16.3,26.7,45.1,6.89,65.6,Pigeon Pea
20.0,43.1,18.3,31.8,64.5,6.35,54.6,Groundnut
62.3,30.9,19.2,26.6,34.3,6.63,77.9,Sorghum
106.4,62.2,103.8,21.7,53.0,6.41,64.8,Potato
126.5,67.1,69.3,25.2,68.7,6.56,46.3,Tomato
87.6,50.2,44.1,27.6,54.8,6.71,68.9,Chili
88.8,64.4,20.1,14.4,65.8,6.99,74.9,Wheat
35.3,59.8,20.2,27.3,53.3,6.2,84.7,Groundnut
27.2,44.9,17.1,21.8,43.1,7.4,23.6,Chickpea
119.3,54.0,49.7,21.3,66.3,6.73,64.1,Tomato
54.6,27.8,16.3,13.5,39.8,6.46,58.8,Mustard
177.6,55.7,65.2,26.1,68.4,6.03,211.0,Sugarcane
15.1,38.4,20.8,22.1,53.3,6.71,40.2,Lentil
82.2,35.5,20.5,25.7,49.2,6.88,79.1,Sorghum
113.8,60.2,50.5,26.5,70.3,5.97,90.1,Brinjal
63.9,25.0,14.2,32.0,35.3,7.01,30.2,Pearl Millet
32.9,15.7,15.4,25.2,50.6,5.99,51.5,Sesame
100.1,36.3,40.6,31.1,74.8,5.64,223.4,Rice
77.8,24.6,16.2,26.7,30.0,7.08,76.6,Sorghum
15.7,45.2,24.7,21.9,36.4,6.19,43.1,Lentil
33.6,20.1,13.8,32.3,53.6,6.44,62.6,Sesame
15.2,49.3,18.5,20.4,36.5,7.19,28.7,Chickpea
26.0,35.0,21.0,29.2,50.8,5.78,92.6,Pigeon Pea
97.8,43.5,52.0,25.4,61.7,6.21,67.1,Cotton
122.6,58.7,66.7,27.6,72.4,5.53,62.2,Brinjal
17.1,48.0,23.7,29.5,67.4,6.8,75.1,Green Gram
30.9,27.5,15.4,30.2,53.1,6.68,66.8,Sesame
40.3,29.7,20.1,24.5,69.2,6.03,93.2,Finger Millet
33.1,60.6,22.2,23.1,67.9,6.18,88.2,Soybean
103.6,41.7,47.5,26.1,81.0,5.94,194.2,Rice
123.8,60.2,60.2,23.0,71.7,5.72,52.7,Brinjal
115.5,60.6,91.6,15.6,51.6,5.19,73.4,Potato
79.9,36.0,21.6,24.5,51.0,6.86,46.0,Sunflower
25.0,44.9,16.8,27.1,71.3,7.17,81.5,Black Gram
80.3,56.9,19.9,24.3,74.9,5.96,73.7,Maize
25.6,39.4,17.5,28.1,63.9,5.7,84.9,Pigeon Pea
66.8,20.4,22.9,25.7,41.9,6.84,71.4,Sorghum
65.4,35.2,25.1,24.2,55.2,6.32,62.1,Sunflower
16.3,48.7,17.1,30.6,51.2,6.32,84.9,Green Gram
88.8,59.7,56.9,20.3,69.0,6.72,44.1,Chili
17.8,47.9,21.9,23.7,41.8,6.77,36.8,Lentil
23.8,43.3,20.4,15.5,35.0,6.24,40.4,Lentil
18.3,40.0,24.2,28.5,60.5,6.09,85.2,Pigeon Pea
52.5,32.8,23.6,21.0,47.3,5.47,93.7,Finger Millet
129.1,68.7,90.1,21.7,51.1,5.95,54.0,Potato
